"ResponseId","state","juris","species","dur","timechange","field","career","agency","surveyYear","minCareer","idk","CC","duration.cent","career.cent","management_shift","howshift"
"R_5ywqK8B333ZmZQ5","Massachusetts","Network of sites within one state/province","Retnoutria",NA,"Earlier due to changing phenology,Later due to changing phenology","Invasive plant management ","10+ years","Nongovernmental Organization",2025,10,1,1,NA,0.777303258476267,1,"earlier & later"
"R_5UWrqrzzclD8FIu","Vermont","Multi-state network of sites","Retnoutria",NA,"Later due to changing phenology","Invasive plant management ","6 to 10 years","Industry/Private Sector",2025,6,1,1,NA,-0.532023874289486,1,"later"
"R_5iL3nUBoeV7F8Kx","Minnesota","Network of sites within one state/province","Retnoutria",2,"Earlier due to changing phenology","Invasive plant management ","10+ years","City/Municipal Government",2025,10,1,1,-1.07899763002752,0.777303258476267,1,"earlier"
"R_1JL9iDUjnpJZLQR","New York","Network of sites within one state/province","Retnoutria",NA,"Later due to changing phenology","Invasive plant management ","6 to 10 years","State Government",2025,6,1,1,NA,-0.532023874289486,1,"later"
"R_7eyioy07o8xNtFD","Wisconsin","Multi-state network of sites","Retnoutria",5,"Earlier due to changing phenology","Invasive plant management ","2 to 5 years","Industry/Private Sector",2025,2,1,1,-0.684629360265329,-1.84135100705524,1,"earlier"
"R_1wGepviiEawT7xG","Pennsylvania"," Other (please specify)","Retnoutria",30,"Later due to changing phenology","Invasive plant management ","10+ years","Industry/Private Sector",2025,10,1,1,2.60177288775297,0.777303258476267,1,"later"
"R_7GCx4T0QvASYfS2","Massachusetts","Network of sites within one state/province","Retnoutria",10,"Later due to changing phenology","Invasive plant management ","10+ years","Nongovernmental Organization",2025,10,1,1,-0.0273489106616695,0.777303258476267,1,"later"
"R_1EhS8EtoQX5KeVO","Virginia"," Other (please specify)","Retnoutria",10,"Earlier due to changing phenology","Invasive plant management ","10+ years","City/Municipal Government",2025,10,1,1,-0.0273489106616695,0.777303258476267,1,"earlier"
"R_3f2NE46NtdzB3GN","Missouri","Multi-state network of sites","Retnoutria",2,"Earlier due to changing phenology","Invasive plant management ","6 to 10 years","Nongovernmental Organization",2025,6,1,1,-1.07899763002752,-0.532023874289486,1,"earlier"
"R_4DdacjI5qhmJw0t","Vermont","Multi-state network of sites","Retnoutria",10,"Later due to changing phenology","Invasive plant management ","10+ years","Industry/Private Sector",2025,10,1,1,-0.0273489106616695,0.777303258476267,1,"later"
"R_6xnYQypkLxxXJct","Michigan","Multi-state network of sites","Retnoutria",11,"Later due to changing phenology","Invasive plant management ","10+ years","Nongovernmental Organization",2025,10,1,1,0.104107179259062,0.777303258476267,1,"later"
"R_3y11MJQMOttiaqr","Massachusetts","Network of sites within one state/province","Retnoutria",3,"Earlier due to changing phenology","Other (I work with invasive plants but not as a manager, researcher, or extension)","2 to 5 years","Industry/Private Sector",2025,2,1,1,-0.947541540106792,-1.84135100705524,1,"earlier"
"R_7OoxW9EzfNxUWpb","Massachusetts","Single site","Artemesia",5,"Earlier due to changing phenology","Invasive plant management ","6 to 10 years","Nongovernmental Organization",2025,6,1,1,-0.684629360265329,-0.532023874289486,1,"earlier"
"R_5ywqK8B333ZmZQ5","Massachusetts","Network of sites within one state/province","Berberis",NA,"Earlier due to changing phenology,Later due to changing phenology,At the same time despite changing phenology","Invasive plant management ","10+ years","Nongovernmental Organization",2025,10,1,1,NA,0.777303258476267,1,"earlier & later"
"R_7eyioy07o8xNtFD","Wisconsin","Multi-state network of sites","Berberis",3,"Later due to changing phenology","Invasive plant management ","2 to 5 years","Industry/Private Sector",2025,2,1,1,-0.947541540106792,-1.84135100705524,1,"later"
"R_3BXy7lTi8qCQ0cF","Indiana"," Other (please specify)","Berberis",10,"Later due to changing phenology","Invasive plant management ","10+ years","Other",2025,10,1,1,-0.0273489106616695,0.777303258476267,1,"later"
"R_6ForFLcNvl9Gfip","Maine","Network of sites within one state/province","Microstegium",2,"Later due to changing phenology","Invasive plant management ","2 to 5 years","State Government",2025,2,1,1,-1.07899763002752,-1.84135100705524,1,"later"
"R_6t3t8fBbiQDgW3d","Maryland","Network of sites within one state/province","Microstegium",NA,"Earlier due to changing phenology","Invasive plant management ","6 to 10 years","State Government",2025,6,1,1,NA,-0.532023874289486,1,"earlier"
"R_7iTaBPxUwzHaGg9","Michigan","Network of sites within one state/province","Microstegium",5,"Earlier due to changing phenology","Invasive plant management ","10+ years","State Government",2025,10,1,1,-0.684629360265329,0.777303258476267,1,"earlier"
"R_7OoxW9EzfNxUWpb","Massachusetts","Single site","Microstegium",1,"Earlier due to changing phenology","Invasive plant management ","6 to 10 years","Nongovernmental Organization",2025,6,1,1,-1.21045371994826,-0.532023874289486,1,"earlier"
"R_5wUlVJP5S6N1qEN","Virginia","Network of sites within one state/province","Microstegium",10,"Earlier due to changing phenology","Invasive plant management ","6 to 10 years","County Government",2025,6,1,1,-0.0273489106616695,-0.532023874289486,1,"earlier"
"R_1JL9iDUjnpJZLQR","New York","Network of sites within one state/province","Microstegium",5,"Later due to changing phenology","Invasive plant management ","6 to 10 years","State Government",2025,6,1,1,-0.684629360265329,-0.532023874289486,1,"later"
"R_5GqXqu4hfRGN4Y4","Virginia","Network of sites within one state/province","Microstegium",3,"Later due to changing phenology","Invasive plant management ","6 to 10 years","Nongovernmental Organization",2025,6,1,1,-0.947541540106792,-0.532023874289486,1,"later"
"R_1EiGIcVTKZ2CXkf","Maryland","Single site","Microstegium",3,"Earlier due to changing phenology","Invasive plant management ","6 to 10 years","Nongovernmental Organization",2025,6,1,1,-0.947541540106792,-0.532023874289486,1,"earlier"
"R_5oaOcorb0tWwDku","Maine","Network of sites within one state/province","Microstegium",3,"Earlier due to changing phenology","Invasive plant management ","6 to 10 years","Nongovernmental Organization",2025,6,1,1,-0.947541540106792,-0.532023874289486,1,"earlier"
"R_5B5a3B4ABmQZKnh","Missouri","Single site","Microstegium",9,"Earlier due to changing phenology","Invasive plant management ","10+ years","Nongovernmental Organization",2025,10,1,1,-0.158805000582401,0.777303258476267,1,"earlier"
"R_6bkD5LQEewba1fb","New York","Network of sites within one state/province","Microstegium",8,"Later due to changing phenology","Invasive plant management ","6 to 10 years","Nongovernmental Organization",2025,6,1,1,-0.290261090503133,-0.532023874289486,1,"later"
"R_52slHOREy0viarS","Virginia","Network of sites within one state/province","Microstegium",4,"Earlier due to changing phenology","Invasive plant management ","2 to 5 years","City/Municipal Government",2025,2,1,1,-0.81608545018606,-1.84135100705524,1,"earlier"
"R_7iTaBPxUwzHaGg9","Michigan","Network of sites within one state/province","Pueria",7,"Earlier due to changing phenology","Invasive plant management ","10+ years","State Government",2025,10,1,1,-0.421717180423865,0.777303258476267,1,"earlier"
"R_6dEOH3nQWsRf2ff","Tennessee","Multi-state network of sites","Pueria",1,"Later due to changing phenology","Invasive plant management ","10+ years","Nongovernmental Organization",2025,10,1,1,-1.21045371994826,0.777303258476267,1,"later"
"R_5R23jr6FuDmhief","Massachusetts","Single site","Celastrus",3,"Later due to changing phenology","Invasive plant management ","10+ years","Nongovernmental Organization",2025,10,1,1,-0.947541540106792,0.777303258476267,1,"later"
"R_5ywqK8B333ZmZQ5","Massachusetts","Network of sites within one state/province","Celastrus",NA,"Earlier due to changing phenology,Later due to changing phenology,At the same time despite changing phenology","Invasive plant management ","10+ years","Nongovernmental Organization",2025,10,1,1,NA,0.777303258476267,1,"earlier & later"
"R_7iTaBPxUwzHaGg9","Michigan","Network of sites within one state/province","Celastrus",12,"Later due to changing phenology","Invasive plant management ","10+ years","State Government",2025,10,1,1,0.235563269179794,0.777303258476267,1,"later"
"R_3GKeTuOGsGrWsBx","Michigan","Single site","Celastrus",9,"Later due to changing phenology","Invasive plant management ","6 to 10 years","Academia/University",2025,6,1,1,-0.158805000582401,-0.532023874289486,1,"later"
"R_1HgGpL6ACrpRv4l","West Virginia","Multi-state network of sites","Celastrus",12,"Earlier due to changing phenology","Invasive plant management ","10+ years","Industry/Private Sector",2025,10,1,1,0.235563269179794,0.777303258476267,1,"earlier"
"R_3ccJaCdsXnlVJg6","Minnesota","Single site","Celastrus",4,"Later due to changing phenology","Invasive plant management ","10+ years","Academia/University",2025,10,1,1,-0.81608545018606,0.777303258476267,1,"later"
"R_1HSUmXBNOowEz38","Michigan","Single site","Vinetoxicum",3,"Later due to changing phenology","Invasive plant management ","6 to 10 years","Nongovernmental Organization",2025,6,1,1,-0.947541540106792,-0.532023874289486,1,"later"
"R_7iTaBPxUwzHaGg9","Michigan","Network of sites within one state/province","Vinetoxicum",8,"Earlier due to changing phenology","Invasive plant management ","10+ years","State Government",2025,10,1,1,-0.290261090503133,0.777303258476267,1,"earlier"
"R_3GKeTuOGsGrWsBx","Michigan","Single site","Vinetoxicum",8,"Earlier due to changing phenology","Invasive plant management ","6 to 10 years","Academia/University",2025,6,1,1,-0.290261090503133,-0.532023874289486,1,"earlier"
"R_6jiYUPYGI7NG8Ax","Massachusetts"," Other (please specify)","Vinetoxicum",4,"Earlier due to changing phenology","Invasive plant management ","2 to 5 years","Other",2025,2,1,1,-0.81608545018606,-1.84135100705524,1,"earlier"
"R_7CIWuckyx3sjsAs","Ontario"," Other (please specify)","Vinetoxicum",10,"Earlier due to changing phenology","Invasive plant management ","6 to 10 years","Other",2025,6,1,1,-0.0273489106616695,-0.532023874289486,1,"earlier"
"R_61GkUO5dWwqhCjj","Wisconsin","Network of sites within one state/province","Vinetoxicum",8,"Earlier due to changing phenology","Invasive plant management ","10+ years","County Government",2025,10,1,1,-0.290261090503133,0.777303258476267,1,"earlier"
"R_6MSEK2WWyiJXX8f","Vermont","Network of sites within one state/province","Vinetoxicum",10,"Earlier due to changing phenology","Invasive plant management ","10+ years","Nongovernmental Organization",2025,10,1,1,-0.0273489106616695,0.777303258476267,1,"earlier"
"R_5iL3nUBoeV7F8Kx","Minnesota","Network of sites within one state/province","Rhamnus",20,"Later due to changing phenology","Invasive plant management ","10+ years","City/Municipal Government",2025,10,1,1,1.28721198854565,0.777303258476267,1,"later"
"R_3GKeTuOGsGrWsBx","Michigan","Single site","Rhamnus",9,"Later due to changing phenology","Invasive plant management ","6 to 10 years","Academia/University",2025,6,1,1,-0.158805000582401,-0.532023874289486,1,"later"
"R_7eyioy07o8xNtFD","Wisconsin","Multi-state network of sites","Rhamnus",5,"Later due to changing phenology","Invasive plant management ","2 to 5 years","Industry/Private Sector",2025,2,1,1,-0.684629360265329,-1.84135100705524,1,"later"
"R_3ccJaCdsXnlVJg6","Minnesota","Single site","Rhamnus",30,"Earlier due to changing phenology,Later due to changing phenology","Invasive plant management ","10+ years","Academia/University",2025,10,1,1,2.60177288775297,0.777303258476267,1,"earlier & later"
"R_3yNv77ves0EseE9","Massachusetts"," Other (please specify)","Rhamnus",4,"Later due to changing phenology","Invasive plant management ","2 to 5 years","City/Municipal Government",2025,2,1,1,-0.81608545018606,-1.84135100705524,1,"later"
"R_6t3t8fBbiQDgW3d","Maryland","Network of sites within one state/province","Elaeagnus",NA,"Later due to changing phenology","Invasive plant management ","6 to 10 years","State Government",2025,6,1,1,NA,-0.532023874289486,1,"later"
"R_3zHHEZE9YczuVki","Indiana"," Other (please specify)","Elaeagnus",20,"Later due to changing phenology","Invasive plant management ","2 to 5 years","Other",2025,2,1,1,1.28721198854565,-1.84135100705524,1,"later"
"R_3GKeTuOGsGrWsBx","Michigan","Single site","Elaeagnus",9,"Later due to changing phenology","Invasive plant management ","6 to 10 years","Academia/University",2025,6,1,1,-0.158805000582401,-0.532023874289486,1,"later"
"R_1HgGpL6ACrpRv4l","West Virginia","Multi-state network of sites","Elaeagnus",15,"Earlier due to changing phenology","Invasive plant management ","10+ years","Industry/Private Sector",2025,10,1,1,0.62993153894199,0.777303258476267,1,"earlier"
"R_3f2NE46NtdzB3GN","Missouri","Multi-state network of sites","Elaeagnus",4,"Later due to changing phenology","Invasive plant management ","6 to 10 years","Nongovernmental Organization",2025,6,1,1,-0.81608545018606,-0.532023874289486,1,"later"
"R_7916UIaOGbhT1AV","Indiana","Network of sites within one state/province","Elaeagnus",4.75,"Earlier due to changing phenology,Later due to changing phenology","Invasive plant management ","2 to 5 years","County Government",2025,2,1,1,-0.717493382745512,-1.84135100705524,1,"earlier & later"
"R_7iTaBPxUwzHaGg9","Michigan","Network of sites within one state/province","impatiens",5,"Earlier due to changing phenology","Invasive plant management ","10+ years","State Government",2025,10,1,1,-0.684629360265329,0.777303258476267,1,"earlier"
"R_5R23jr6FuDmhief","Massachusetts","Single site","Lonicera",8,"Earlier due to changing phenology","Invasive plant management ","10+ years","Nongovernmental Organization",2025,10,1,1,-0.290261090503133,0.777303258476267,1,"earlier"
"R_3zHHEZE9YczuVki","Indiana"," Other (please specify)","Lonicera",20,"Later due to changing phenology","Invasive plant management ","2 to 5 years","Other",2025,2,1,1,1.28721198854565,-1.84135100705524,1,"later"
"R_5E71fWz3IruQgh6","Ohio","Network of sites within one state/province","Lonicera",NA,"Earlier due to changing phenology,Later due to changing phenology","Invasive plant management ","10+ years","County Government",2025,10,1,1,NA,0.777303258476267,1,"earlier & later"
"R_6otqeEqxavLiZSY","New York","Single site","Lonicera",8,"Earlier due to changing phenology","Invasive plant management ","10+ years","Nongovernmental Organization",2025,10,1,1,-0.290261090503133,0.777303258476267,1,"earlier"
"R_3GKeTuOGsGrWsBx","Michigan","Single site","Lonicera",9,"Later due to changing phenology","Invasive plant management ","6 to 10 years","Academia/University",2025,6,1,1,-0.158805000582401,-0.532023874289486,1,"later"
"R_1HgGpL6ACrpRv4l","West Virginia","Multi-state network of sites","Lonicera",15,"Earlier due to changing phenology","Invasive plant management ","10+ years","Industry/Private Sector",2025,10,1,1,0.62993153894199,0.777303258476267,1,"earlier"
"R_5tyNGdytbIadKk9","Indiana","Network of sites within one state/province","Lonicera",5,"Earlier due to changing phenology,Later due to changing phenology","Invasive plant management ","2 to 5 years","Nongovernmental Organization",2025,2,1,1,-0.684629360265329,-1.84135100705524,1,"earlier & later"
"R_7eyioy07o8xNtFD","Wisconsin","Multi-state network of sites","Lonicera",5,"Later due to changing phenology","Invasive plant management ","2 to 5 years","Industry/Private Sector",2025,2,1,1,-0.684629360265329,-1.84135100705524,1,"later"
"R_3f2NE46NtdzB3GN","Missouri","Multi-state network of sites","Lonicera",6,"Earlier due to changing phenology,Later due to changing phenology","Invasive plant management ","6 to 10 years","Nongovernmental Organization",2025,6,1,1,-0.553173270344597,-0.532023874289486,1,"earlier & later"
"R_7916UIaOGbhT1AV","Indiana","Network of sites within one state/province","Lonicera",4.75,"Earlier due to changing phenology,Later due to changing phenology","Invasive plant management ","2 to 5 years","County Government",2025,2,1,1,-0.717493382745512,-1.84135100705524,1,"earlier & later"
"R_3ccJaCdsXnlVJg6","Minnesota","Single site","Lonicera",30,"Earlier due to changing phenology,Later due to changing phenology","Invasive plant management ","10+ years","Academia/University",2025,10,1,1,2.60177288775297,0.777303258476267,1,"earlier & later"
"R_6t3t8fBbiQDgW3d","Maryland","Network of sites within one state/province","Miscanthus",NA,"Earlier due to changing phenology","Invasive plant management ","6 to 10 years","State Government",2025,6,1,1,NA,-0.532023874289486,1,"earlier"
"R_6t3t8fBbiQDgW3d","Maryland","Network of sites within one state/province","Rosa",NA,"Later due to changing phenology","Invasive plant management ","6 to 10 years","State Government",2025,6,1,1,NA,-0.532023874289486,1,"later"
"R_3zHHEZE9YczuVki","Indiana"," Other (please specify)","Rosa",20,"Earlier due to changing phenology","Invasive plant management ","2 to 5 years","Other",2025,2,1,1,1.28721198854565,-1.84135100705524,1,"earlier"
"R_3GKeTuOGsGrWsBx","Michigan","Single site","Rosa",9,"Later due to changing phenology","Invasive plant management ","6 to 10 years","Academia/University",2025,6,1,1,-0.158805000582401,-0.532023874289486,1,"later"
"R_1HgGpL6ACrpRv4l","West Virginia","Multi-state network of sites","Rosa",15,"Earlier due to changing phenology","Invasive plant management ","10+ years","Industry/Private Sector",2025,10,1,1,0.62993153894199,0.777303258476267,1,"earlier"
"R_5tyNGdytbIadKk9","Indiana","Network of sites within one state/province","Rosa",5,"Earlier due to changing phenology,Later due to changing phenology","Invasive plant management ","2 to 5 years","Nongovernmental Organization",2025,2,1,1,-0.684629360265329,-1.84135100705524,1,"earlier & later"
"R_7eyioy07o8xNtFD","Wisconsin","Multi-state network of sites","Rosa",5,"Later due to changing phenology","Invasive plant management ","2 to 5 years","Industry/Private Sector",2025,2,1,1,-0.684629360265329,-1.84135100705524,1,"later"
"R_5oaOcorb0tWwDku","Maine","Network of sites within one state/province","Rosa",6,"Earlier due to changing phenology","Invasive plant management ","6 to 10 years","Nongovernmental Organization",2025,6,1,1,-0.553173270344597,-0.532023874289486,1,"earlier"
"R_3f2NE46NtdzB3GN","Missouri","Multi-state network of sites","Rosa",3,"Earlier due to changing phenology,Later due to changing phenology","Invasive plant management ","6 to 10 years","Nongovernmental Organization",2025,6,1,1,-0.947541540106792,-0.532023874289486,1,"earlier & later"
"R_7916UIaOGbhT1AV","Indiana","Network of sites within one state/province","Rosa",4.75,"Later due to changing phenology","Invasive plant management ","2 to 5 years","County Government",2025,2,1,1,-0.717493382745512,-1.84135100705524,1,"later"
"R_6t3t8fBbiQDgW3d","Maryland","Network of sites within one state/province","Acer",NA,"Later due to changing phenology","Invasive plant management ","6 to 10 years","State Government",2025,6,1,1,NA,-0.532023874289486,1,"later"
"R_7GCx4T0QvASYfS2","Massachusetts","Network of sites within one state/province","Acer",25,"Later due to changing phenology","Invasive plant management ","10+ years","Nongovernmental Organization",2025,10,1,1,1.94449243814931,0.777303258476267,1,"later"
"R_3SsX1syXYcf2oyl","Maine","Network of sites within one state/province","Phragmites",10,"Earlier due to changing phenology","Invasive plant management ","10+ years","Nongovernmental Organization",2025,10,1,1,-0.0273489106616695,0.777303258476267,1,"earlier"
"R_30JFe2RxkYRhFAk","Michigan","Network of sites within one state/province","Phragmites",16,"Earlier due to changing phenology","Invasive plant management ","10+ years","Nongovernmental Organization",2025,10,1,1,0.761387628862721,0.777303258476267,1,"earlier"
"R_7iTaBPxUwzHaGg9","Michigan","Network of sites within one state/province","Phragmites",15,"Later due to changing phenology","Invasive plant management ","10+ years","State Government",2025,10,1,1,0.62993153894199,0.777303258476267,1,"later"
"R_7OoxW9EzfNxUWpb","Massachusetts","Single site","Phragmites",3,"Earlier due to changing phenology","Invasive plant management ","6 to 10 years","Nongovernmental Organization",2025,6,1,1,-0.947541540106792,-0.532023874289486,1,"earlier"
"R_6QOOH4tKwngrOHn","Michigan","Network of sites within one state/province","Phragmites",10,"Earlier due to changing phenology","Invasive plant management ","2 to 5 years","Nongovernmental Organization",2025,2,1,1,-0.0273489106616695,-1.84135100705524,1,"earlier"
"R_1JL9iDUjnpJZLQR","New York","Network of sites within one state/province","Phragmites",5,"Later due to changing phenology","Invasive plant management ","6 to 10 years","State Government",2025,6,1,1,-0.684629360265329,-0.532023874289486,1,"later"
"R_7eyioy07o8xNtFD","Wisconsin","Multi-state network of sites","Phragmites",5,"Earlier due to changing phenology","Invasive plant management ","2 to 5 years","Industry/Private Sector",2025,2,1,1,-0.684629360265329,-1.84135100705524,1,"earlier"
"R_7916UIaOGbhT1AV","Indiana","Network of sites within one state/province","Phragmites",4.75,"Earlier due to changing phenology","Invasive plant management ","2 to 5 years","County Government",2025,2,1,1,-0.717493382745512,-1.84135100705524,1,"earlier"
"R_4DdacjI5qhmJw0t","Vermont","Multi-state network of sites","Phragmites",10,"Later due to changing phenology","Invasive plant management ","10+ years","Industry/Private Sector",2025,10,1,1,-0.0273489106616695,0.777303258476267,1,"later"
"R_7q9CGoR98EHdtT8","Wisconsin","Single site","Phragmites",10,"Earlier due to changing phenology","Invasive plant management ","10+ years","Industry/Private Sector",2025,10,1,1,-0.0273489106616695,0.777303258476267,1,"earlier"
"R_7CIWuckyx3sjsAs","Ontario"," Other (please specify)","Phragmites",10,"Earlier due to changing phenology","Invasive plant management ","6 to 10 years","Other",2025,6,1,1,-0.0273489106616695,-0.532023874289486,1,"earlier"
"R_5R23jr6FuDmhief","Massachusetts","Single site","Centaurea",10,"Earlier due to changing phenology","Invasive plant management ","10+ years","Nongovernmental Organization",2025,10,1,1,-0.0273489106616695,0.777303258476267,1,"earlier"
"R_5iL3nUBoeV7F8Kx","Minnesota","Network of sites within one state/province","Centaurea",15,"Earlier due to changing phenology","Invasive plant management ","10+ years","City/Municipal Government",2025,10,1,1,0.62993153894199,0.777303258476267,1,"earlier"
"R_7iTaBPxUwzHaGg9","Michigan","Network of sites within one state/province","Centaurea",18,"Earlier due to changing phenology","Invasive plant management ","10+ years","State Government",2025,10,1,1,1.02429980870419,0.777303258476267,1,"earlier"
"R_7OoxW9EzfNxUWpb","Massachusetts","Single site","Centaurea",5,"Earlier due to changing phenology","Invasive plant management ","6 to 10 years","Nongovernmental Organization",2025,6,1,1,-0.684629360265329,-0.532023874289486,1,"earlier"
"R_7eyioy07o8xNtFD","Wisconsin","Multi-state network of sites","Centaurea",5,"Earlier due to changing phenology","Invasive plant management ","2 to 5 years","Industry/Private Sector",2025,2,1,1,-0.684629360265329,-1.84135100705524,1,"earlier"
"R_6MSEK2WWyiJXX8f","Vermont","Network of sites within one state/province","Centaurea",5,"Earlier due to changing phenology","Invasive plant management ","10+ years","Nongovernmental Organization",2025,10,1,1,-0.684629360265329,0.777303258476267,1,"earlier"
"R_6t3t8fBbiQDgW3d","Maryland","Network of sites within one state/province","Ailanthis",NA,"Later due to changing phenology","Invasive plant management ","6 to 10 years","State Government",2025,6,1,1,NA,-0.532023874289486,1,"later"
"R_3GKeTuOGsGrWsBx","Michigan","Single site","Ailanthis",9,"Later due to changing phenology","Invasive plant management ","6 to 10 years","Academia/University",2025,6,1,1,-0.158805000582401,-0.532023874289486,1,"later"
"R_3f2NE46NtdzB3GN","Missouri","Multi-state network of sites","Ailanthis",3,"Later due to changing phenology","Invasive plant management ","6 to 10 years","Nongovernmental Organization",2025,6,1,1,-0.947541540106792,-0.532023874289486,1,"later"
"R_7916UIaOGbhT1AV","Indiana","Network of sites within one state/province","Ailanthis",4.75,"Earlier due to changing phenology,Later due to changing phenology","Invasive plant management ","2 to 5 years","County Government",2025,2,1,1,-0.717493382745512,-1.84135100705524,1,"earlier & later"
"R_6oQyieKuImjkMkF","Minnesota","Network of sites within one state/province","Pastinaca",6,"Earlier due to changing phenology","Invasive plant management ","2 to 5 years","Nongovernmental Organization",2025,2,1,1,-0.553173270344597,-1.84135100705524,1,"earlier"
"R_5iL3nUBoeV7F8Kx","Minnesota","Network of sites within one state/province","Pastinaca",15,"Earlier due to changing phenology","Invasive plant management ","10+ years","City/Municipal Government",2025,10,1,1,0.62993153894199,0.777303258476267,1,"earlier"
"R_7iTaBPxUwzHaGg9","Michigan","Network of sites within one state/province","Pastinaca",12,"Earlier due to changing phenology","Invasive plant management ","10+ years","State Government",2025,10,1,1,0.235563269179794,0.777303258476267,1,"earlier"
"R_7OoxW9EzfNxUWpb","Massachusetts","Single site","Pastinaca",5,"Earlier due to changing phenology","Invasive plant management ","6 to 10 years","Nongovernmental Organization",2025,6,1,1,-0.684629360265329,-0.532023874289486,1,"earlier"
"R_7eyioy07o8xNtFD","Wisconsin","Multi-state network of sites","Pastinaca",5,"Earlier due to changing phenology","Invasive plant management ","2 to 5 years","Industry/Private Sector",2025,2,1,1,-0.684629360265329,-1.84135100705524,1,"earlier"
"R_3BXy7lTi8qCQ0cF","Indiana"," Other (please specify)","Pastinaca",3,"Earlier due to changing phenology","Invasive plant management ","10+ years","Other",2025,10,1,1,-0.947541540106792,0.777303258476267,1,"earlier"
"R_6xnYQypkLxxXJct","Michigan","Multi-state network of sites","Pastinaca",11,"Earlier due to changing phenology","Invasive plant management ","10+ years","Nongovernmental Organization",2025,10,1,1,0.104107179259062,0.777303258476267,1,"earlier"
"R_5cCxuqU3LPDqcRW","Wisconsin","Network of sites within one state/province","Pastinaca",9,"Earlier due to changing phenology","Invasive plant management ","2 to 5 years","Nongovernmental Organization",2025,2,1,1,-0.158805000582401,-1.84135100705524,1,"earlier"
"R_7q9CGoR98EHdtT8","Wisconsin","Single site","Pastinaca",10,"Earlier due to changing phenology","Invasive plant management ","10+ years","Industry/Private Sector",2025,10,1,1,-0.0273489106616695,0.777303258476267,1,"earlier"
"R_6t3t8fBbiQDgW3d","Maryland","Network of sites within one state/province","Ligustrum",NA,"Later due to changing phenology","Invasive plant management ","6 to 10 years","State Government",2025,6,1,1,NA,-0.532023874289486,1,"later"
"R_3GKeTuOGsGrWsBx","Michigan","Single site","Ligustrum",9,"Later due to changing phenology","Invasive plant management ","6 to 10 years","Academia/University",2025,6,1,1,-0.158805000582401,-0.532023874289486,1,"later"
"R_1HgGpL6ACrpRv4l","West Virginia","Multi-state network of sites","Ligustrum",15,"Earlier due to changing phenology","Invasive plant management ","10+ years","Industry/Private Sector",2025,10,1,1,0.62993153894199,0.777303258476267,1,"earlier"
"R_3f2NE46NtdzB3GN","Missouri","Multi-state network of sites","Ligustrum",2,"Earlier due to changing phenology,Later due to changing phenology","Invasive plant management ","6 to 10 years","Nongovernmental Organization",2025,6,1,1,-1.07899763002752,-0.532023874289486,1,"earlier & later"
"R_7916UIaOGbhT1AV","Indiana","Network of sites within one state/province","Ligustrum",4.75,"Earlier due to changing phenology","Invasive plant management ","2 to 5 years","County Government",2025,2,1,1,-0.717493382745512,-1.84135100705524,1,"earlier"
"R_3BXy7lTi8qCQ0cF","Indiana"," Other (please specify)","Ligustrum",16,"Earlier due to changing phenology","Invasive plant management ","10+ years","Other",2025,10,1,1,0.761387628862721,0.777303258476267,1,"earlier"
"R_52slHOREy0viarS","Virginia","Network of sites within one state/province","Ligustrum",4,"Earlier due to changing phenology","Invasive plant management ","2 to 5 years","City/Municipal Government",2025,2,1,1,-0.81608545018606,-1.84135100705524,1,"earlier"
"R_7zqDdqzI3278NXi","Maryland","Network of sites within one state/province","Celastrus",NA,"Treatment ending later due to changing phenology","Invasive plant management ","10+ years","State Government",2026,10,1,1,NA,0.777303258476267,1,"later"
"R_5q56JqF0jN1J5xT","New Hampshire","Multi-state network of sites","Celastrus",20,"Treatment starting earlier due to changing phenology,Treatment ending later due to changing phenology","Invasive plant management ","10+ years","Industry/Private Sector",2026,10,1,1,1.28721198854565,0.777303258476267,1,"earlier & later"
"R_3OZoTtXsYc0ZVCo","Michigan","Network of sites within one state/province","Celastrus",20,"Treatment ending later due to changing phenology","Invasive plant management ","10+ years","State Government",2026,10,1,1,1.28721198854565,0.777303258476267,1,"later"
"R_3l6nHVEdBFb0wAn","Vermont","Multi-state network of sites","Celastrus",15,"Treatment starting earlier due to changing phenology","Invasive plant management ","10+ years","Industry/Private Sector",2026,10,1,1,0.62993153894199,0.777303258476267,1,"earlier"
"R_6b7y38YC6VhzhAZ","New Jersey"," Other (please specify)","Celastrus",5,"Treatment ending later due to changing phenology","Invasive plant management ","6 to 10 years","County Government",2026,6,1,1,-0.684629360265329,-0.532023874289486,1,"later"
"R_3Qxjb9i4NVkgesX","Massachusetts","Network of sites within one state/province","Celastrus",10,"Treatment ending later due to changing phenology","Invasive plant management ","10+ years","Nongovernmental Organization",2026,10,1,1,-0.0273489106616695,0.777303258476267,1,"later"
"R_5H6Li12o7rFfCKo","Rhode Island","Network of sites within one state/province","Celastrus",10,"Treatment starting earlier due to changing phenology,Treatment ending later due to changing phenology","Invasive plant management ","10+ years","Industry/Private Sector",2026,10,1,1,-0.0273489106616695,0.777303258476267,1,"earlier & later"
"R_5Kr2fz6TZxQx0Uu","Connecticut","Single site","Celastrus",2,"Treatment starting earlier due to changing phenology,Treatment ending later due to changing phenology,Starting earlier or ending later for other reasons","Other (I work with invasive plants but not as a manager, researcher, or extension)","6 to 10 years","Other",2026,6,1,1,-1.07899763002752,-0.532023874289486,1,"earlier & later"
"R_3Z0oewLXyyqJj9v","Virginia","Multi-state network of sites","Celastrus",6,"Treatment ending later due to changing phenology","Invasive plant management ","10+ years","Nongovernmental Organization",2026,10,1,1,-0.553173270344597,0.777303258476267,1,"later"
"R_7eqSNbi6mQ46E1Z","Virginia","Multi-state network of sites","Celastrus",20,"Treatment starting earlier due to changing phenology","Invasive plant management ","10+ years","Industry/Private Sector",2026,10,1,1,1.28721198854565,0.777303258476267,1,"earlier"
"R_3VxbJkG46TDSZKp","Pennsylvania","Multi-state network of sites","Celastrus",19,"Treatment starting earlier due to changing phenology,Treatment ending later due to changing phenology","Invasive plant management ","10+ years"," Federal Government",2026,10,1,1,1.15575589862492,0.777303258476267,1,"earlier & later"
"R_6lGDmKoRK5yHshi","Maine","Single site","Celastrus",20,"Treatment ending later due to changing phenology","Invasive plant management ","10+ years"," Federal Government",2026,10,1,1,1.28721198854565,0.777303258476267,1,"later"
"R_1jvRN5ofBQAxAQE","Rhode Island","Single site","Celastrus",10,"Treatment ending later due to changing phenology","Invasive plant research/science","6 to 10 years","Other",2026,6,1,1,-0.0273489106616695,-0.532023874289486,1,"later"
"R_1IvpUjUVXHoOlPW","Vermont","Single site","Celastrus",10,"Treatment ending later due to changing phenology","Invasive plant management ","10+ years","Nongovernmental Organization",2026,10,1,1,-0.0273489106616695,0.777303258476267,1,"later"
"R_6RfvvrSVaZFoLRH","Virginia","Network of sites within one state/province","Celastrus",12,"Treatment starting earlier due to changing phenology","Invasive plant management ","10+ years","Nongovernmental Organization",2026,10,1,1,0.235563269179794,0.777303258476267,1,"earlier"
"R_3Si9tax1RwMIZLT","Massachusetts","Multi-state network of sites","Celastrus",9,"Treatment starting earlier due to changing phenology,Treatment ending later due to changing phenology","Invasive plant management ","10+ years","Industry/Private Sector",2026,10,1,1,-0.158805000582401,0.777303258476267,1,"earlier & later"
"R_7zqDdqzI3278NXi","Maryland","Network of sites within one state/province","Lonicera",NA,"Treatment ending later due to changing phenology","Invasive plant management ","10+ years","State Government",2026,10,1,1,NA,0.777303258476267,1,"later"
"R_1g744XrqigaNK4J","Maine","Network of sites within one state/province","Lonicera",10,"Treatment starting earlier due to changing phenology","Invasive plant management ","6 to 10 years","Industry/Private Sector",2026,6,1,1,-0.0273489106616695,-0.532023874289486,1,"earlier"
"R_5FqDfQSEijhcVoz","Vermont","Multi-state network of sites","Lonicera",15,"Treatment starting earlier due to changing phenology","Invasive plant management ","10+ years","Industry/Private Sector",2026,10,1,1,0.62993153894199,0.777303258476267,1,"earlier"
"R_5EgSX1WrmV8JNfE","Massachusetts"," Other (please specify)","Lonicera",5,"Treatment starting earlier due to changing phenology","Invasive plant management ","2 to 5 years","State Government",2026,2,1,1,-0.684629360265329,-1.84135100705524,1,"earlier"
"R_5q56JqF0jN1J5xT","New Hampshire","Multi-state network of sites","Lonicera",24,"Treatment starting earlier due to changing phenology,Treatment ending later due to changing phenology","Invasive plant management ","10+ years","Industry/Private Sector",2026,10,1,1,1.81303634822858,0.777303258476267,1,"earlier & later"
"R_3OZoTtXsYc0ZVCo","Michigan","Network of sites within one state/province","Lonicera",20,"Treatment starting earlier due to changing phenology,Treatment ending later due to changing phenology","Invasive plant management ","10+ years","State Government",2026,10,1,1,1.28721198854565,0.777303258476267,1,"earlier & later"
"R_3l6nHVEdBFb0wAn","Vermont","Multi-state network of sites","Lonicera",15,"Treatment starting earlier due to changing phenology","Invasive plant management ","10+ years","Industry/Private Sector",2026,10,1,1,0.62993153894199,0.777303258476267,1,"earlier"
"R_3Qxjb9i4NVkgesX","Massachusetts","Network of sites within one state/province","Lonicera",10,"Treatment starting earlier due to changing phenology","Invasive plant management ","10+ years","Nongovernmental Organization",2026,10,1,1,-0.0273489106616695,0.777303258476267,1,"earlier"
"R_5Kr2fz6TZxQx0Uu","Connecticut","Single site","Lonicera",2,"Treatment starting earlier due to changing phenology,Treatment ending later due to changing phenology,Starting earlier or ending later for other reasons","Other (I work with invasive plants but not as a manager, researcher, or extension)","6 to 10 years","Other",2026,6,1,1,-1.07899763002752,-0.532023874289486,1,"earlier & later"
"R_3Z0oewLXyyqJj9v","Virginia","Multi-state network of sites","Lonicera",6,"Treatment ending later due to changing phenology","Invasive plant management ","10+ years","Nongovernmental Organization",2026,10,1,1,-0.553173270344597,0.777303258476267,1,"later"
"R_7eqSNbi6mQ46E1Z","Virginia","Multi-state network of sites","Lonicera",20,"Treatment starting earlier due to changing phenology","Invasive plant management ","10+ years","Industry/Private Sector",2026,10,1,1,1.28721198854565,0.777303258476267,1,"earlier"
"R_3VxbJkG46TDSZKp","Pennsylvania","Multi-state network of sites","Lonicera",19,"Treatment starting earlier due to changing phenology,Treatment ending later due to changing phenology","Invasive plant management ","10+ years"," Federal Government",2026,10,1,1,1.15575589862492,0.777303258476267,1,"earlier & later"
"R_7IvjAhNgByZUh4p","Michigan","Network of sites within one state/province","Lonicera",10,"Treatment starting earlier due to changing phenology,Treatment ending later due to changing phenology","Invasive plant management ","10+ years","City/Municipal Government",2026,10,1,1,-0.0273489106616695,0.777303258476267,1,"earlier & later"
"R_6lGDmKoRK5yHshi","Maine","Single site","Lonicera",23,"Treatment starting earlier due to changing phenology","Invasive plant management ","10+ years"," Federal Government",2026,10,1,1,1.68158025830784,0.777303258476267,1,"earlier"
"R_6Q75yjxK5fIfXwZ","Maryland","Network of sites within one state/province","Lonicera",5,"Treatment starting earlier due to changing phenology","Invasive plant management ","10+ years","County Government",2026,10,1,1,-0.684629360265329,0.777303258476267,1,"earlier"
"R_1jvRN5ofBQAxAQE","Rhode Island","Single site","Lonicera",10,"Treatment ending later due to changing phenology","Invasive plant research/science","6 to 10 years","Other",2026,6,1,1,-0.0273489106616695,-0.532023874289486,1,"later"
"R_1IvpUjUVXHoOlPW","Vermont","Single site","Lonicera",18,"Treatment ending later due to changing phenology","Invasive plant management ","10+ years","Nongovernmental Organization",2026,10,1,1,1.02429980870419,0.777303258476267,1,"later"
"R_3Si9tax1RwMIZLT","Massachusetts","Multi-state network of sites","Lonicera",9,"Treatment starting earlier due to changing phenology,Treatment ending later due to changing phenology","Invasive plant management ","10+ years","Industry/Private Sector",2026,10,1,1,-0.158805000582401,0.777303258476267,1,"earlier & later"
"R_62Ll7ZFWepKPSWn","Maine","Multi-state network of sites","Lonicera",28,"Treatment starting earlier due to changing phenology,Treatment ending later due to changing phenology","Invasive plant management ","10+ years","Industry/Private Sector",2026,10,1,1,2.3388607079115,0.777303258476267,1,"earlier & later"
"R_5hAPDFkgmRMkZzy","New York","Network of sites within one state/province","Retnoutria",3,"Treatment ending later due to changing phenology","Invasive plant management ","10+ years","Nongovernmental Organization",2026,10,1,1,-0.947541540106792,0.777303258476267,1,"later"
"R_1g744XrqigaNK4J","Maine","Network of sites within one state/province","Retnoutria",10,"Treatment starting earlier due to changing phenology","Invasive plant management ","6 to 10 years","Industry/Private Sector",2026,6,1,1,-0.0273489106616695,-0.532023874289486,1,"earlier"
"R_5FqDfQSEijhcVoz","Vermont","Multi-state network of sites","Retnoutria",15,"Treatment ending later due to changing phenology","Invasive plant management ","10+ years","Industry/Private Sector",2026,10,1,1,0.62993153894199,0.777303258476267,1,"later"
"R_13xaGsGqqLXdwtw","Michigan","Network of sites within one state/province","Retnoutria",14,"Treatment ending later due to changing phenology","Invasive plant management ","10+ years","Nongovernmental Organization",2026,10,1,1,0.498475449021258,0.777303258476267,1,"later"
"R_5q56JqF0jN1J5xT","New Hampshire","Multi-state network of sites","Retnoutria",17,"Treatment starting earlier due to changing phenology,Treatment ending later due to changing phenology","Invasive plant management ","10+ years","Industry/Private Sector",2026,10,1,1,0.892843718783453,0.777303258476267,1,"earlier & later"
"R_6PgMN2Ont2gs1u9","Vermont","Network of sites within one state/province","Retnoutria",14,"Treatment ending later due to changing phenology","Invasive plant management ","10+ years","Industry/Private Sector",2026,10,1,1,0.498475449021258,0.777303258476267,1,"later"
"R_5H6Li12o7rFfCKo","Rhode Island","Network of sites within one state/province","Retnoutria",6,"Treatment ending later due to changing phenology","Invasive plant management ","10+ years","Industry/Private Sector",2026,10,1,1,-0.553173270344597,0.777303258476267,1,"later"
"R_5Kr2fz6TZxQx0Uu","Connecticut","Single site","Retnoutria",2,"Treatment starting earlier due to changing phenology,Treatment ending later due to changing phenology,Starting earlier or ending later for other reasons","Other (I work with invasive plants but not as a manager, researcher, or extension)","6 to 10 years","Other",2026,6,1,1,-1.07899763002752,-0.532023874289486,1,"earlier & later"
"R_3Hq4RrgAKLo0gVL","Massachusetts"," Other (please specify)","Retnoutria",30,"Treatment starting earlier due to changing phenology,Starting earlier or ending later for other reasons","Invasive plant management ","2 to 5 years","City/Municipal Government",2026,2,1,1,2.60177288775297,-1.84135100705524,1,"earlier"
"R_7eqSNbi6mQ46E1Z","Virginia","Multi-state network of sites","Retnoutria",20,"Treatment starting earlier due to changing phenology","Invasive plant management ","10+ years","Industry/Private Sector",2026,10,1,1,1.28721198854565,0.777303258476267,1,"earlier"
"R_3lpMOKMac0cgCvT","Massachusetts","Network of sites within one state/province","Retnoutria",6,"Treatment starting earlier due to changing phenology,Treatment ending later due to changing phenology,Starting earlier or ending later for other reasons","Invasive plant management ","10+ years","Industry/Private Sector",2026,10,1,1,-0.553173270344597,0.777303258476267,1,"earlier & later"
"R_3VxbJkG46TDSZKp","Pennsylvania","Multi-state network of sites","Retnoutria",19,"Treatment ending later due to changing phenology","Invasive plant management ","10+ years"," Federal Government",2026,10,1,1,1.15575589862492,0.777303258476267,1,"later"
"R_7IvjAhNgByZUh4p","Michigan","Network of sites within one state/province","Retnoutria",10,"Treatment starting earlier due to changing phenology,Treatment ending later due to changing phenology","Invasive plant management ","10+ years","City/Municipal Government",2026,10,1,1,-0.0273489106616695,0.777303258476267,1,"earlier & later"
"R_74FeknDhSsDq3Tj","Virginia","Multi-state network of sites","Retnoutria",10,"Treatment starting earlier due to changing phenology","Invasive plant management ","6 to 10 years","Industry/Private Sector",2026,6,1,1,-0.0273489106616695,-0.532023874289486,1,"earlier"
"R_7B9gKVBYajQN8hK","Vermont","Single site","Retnoutria",2,"Treatment starting earlier due to changing phenology,Starting earlier or ending later for other reasons","Invasive plant management ","10+ years","Nongovernmental Organization",2026,10,1,1,-1.07899763002752,0.777303258476267,1,"earlier"
"R_1EGs8JgbiTLIdrk","Michigan","Multi-state network of sites","Retnoutria",15,"Treatment ending later due to changing phenology,Starting earlier or ending later for other reasons","Invasive plant management ","10+ years","Nongovernmental Organization",2026,10,1,1,0.62993153894199,0.777303258476267,1,"later"
"R_3Si9tax1RwMIZLT","Massachusetts","Multi-state network of sites","Retnoutria",9,"Treatment starting earlier due to changing phenology,Treatment ending later due to changing phenology","Invasive plant management ","10+ years","Industry/Private Sector",2026,10,1,1,-0.158805000582401,0.777303258476267,1,"earlier & later"
"R_62Ll7ZFWepKPSWn","Maine","Multi-state network of sites","Retnoutria",28,"Treatment ending later due to changing phenology","Invasive plant management ","10+ years","Industry/Private Sector",2026,10,1,1,2.3388607079115,0.777303258476267,1,"later"
"R_3OZoTtXsYc0ZVCo","Michigan","Network of sites within one state/province","Pueria",10,"Treatment starting earlier due to changing phenology,Treatment ending later due to changing phenology","Invasive plant management ","10+ years","State Government",2026,10,1,1,-0.0273489106616695,0.777303258476267,1,"earlier & later"
"R_7MHtOez4Anav6YF","New York","Network of sites within one state/province","Pueria",3,"Treatment ending later due to changing phenology","Invasive plant extension","6 to 10 years","Nongovernmental Organization",2026,6,1,1,-0.947541540106792,-0.532023874289486,1,"later"
"R_7eqSNbi6mQ46E1Z","Virginia","Multi-state network of sites","Pueria",20,"Treatment starting earlier due to changing phenology","Invasive plant management ","10+ years","Industry/Private Sector",2026,10,1,1,1.28721198854565,0.777303258476267,1,"earlier"
"R_6RfvvrSVaZFoLRH","Virginia","Network of sites within one state/province","Pueria",1,"Treatment starting earlier due to changing phenology","Invasive plant management ","10+ years","Nongovernmental Organization",2026,10,1,1,-1.21045371994826,0.777303258476267,1,"earlier"
"R_5FqDfQSEijhcVoz","Vermont","Multi-state network of sites","Rosa",10,"Treatment ending later due to changing phenology","Invasive plant management ","10+ years","Industry/Private Sector",2026,10,1,1,-0.0273489106616695,0.777303258476267,1,"later"
"R_5EgSX1WrmV8JNfE","Massachusetts"," Other (please specify)","Rosa",5,"Treatment starting earlier due to changing phenology","Invasive plant management ","2 to 5 years","State Government",2026,2,1,1,-0.684629360265329,-1.84135100705524,1,"earlier"
"R_5q56JqF0jN1J5xT","New Hampshire","Multi-state network of sites","Rosa",20,"Treatment starting earlier due to changing phenology,Treatment ending later due to changing phenology","Invasive plant management ","10+ years","Industry/Private Sector",2026,10,1,1,1.28721198854565,0.777303258476267,1,"earlier & later"
"R_3OZoTtXsYc0ZVCo","Michigan","Network of sites within one state/province","Rosa",20,"Treatment starting earlier due to changing phenology,Treatment ending later due to changing phenology","Invasive plant management ","10+ years","State Government",2026,10,1,1,1.28721198854565,0.777303258476267,1,"earlier & later"
"R_3l6nHVEdBFb0wAn","Vermont","Multi-state network of sites","Rosa",15,"Treatment starting earlier due to changing phenology","Invasive plant management ","10+ years","Industry/Private Sector",2026,10,1,1,0.62993153894199,0.777303258476267,1,"earlier"
"R_3Qxjb9i4NVkgesX","Massachusetts","Network of sites within one state/province","Rosa",10,"Treatment starting earlier due to changing phenology","Invasive plant management ","10+ years","Nongovernmental Organization",2026,10,1,1,-0.0273489106616695,0.777303258476267,1,"earlier"
"R_5Kr2fz6TZxQx0Uu","Connecticut","Single site","Rosa",2,"Treatment starting earlier due to changing phenology,Treatment ending later due to changing phenology,Starting earlier or ending later for other reasons","Other (I work with invasive plants but not as a manager, researcher, or extension)","6 to 10 years","Other",2026,6,1,1,-1.07899763002752,-0.532023874289486,1,"earlier & later"
"R_3Z0oewLXyyqJj9v","Virginia","Multi-state network of sites","Rosa",6,"Treatment ending later due to changing phenology","Invasive plant management ","10+ years","Nongovernmental Organization",2026,10,1,1,-0.553173270344597,0.777303258476267,1,"later"
"R_7eqSNbi6mQ46E1Z","Virginia","Multi-state network of sites","Rosa",20,"Treatment starting earlier due to changing phenology","Invasive plant management ","10+ years","Industry/Private Sector",2026,10,1,1,1.28721198854565,0.777303258476267,1,"earlier"
"R_3VxbJkG46TDSZKp","Pennsylvania","Multi-state network of sites","Rosa",19,"Treatment starting earlier due to changing phenology,Treatment ending later due to changing phenology","Invasive plant management ","10+ years"," Federal Government",2026,10,1,1,1.15575589862492,0.777303258476267,1,"earlier & later"
"R_6Q75yjxK5fIfXwZ","Maryland","Network of sites within one state/province","Rosa",5,"Treatment starting earlier due to changing phenology","Invasive plant management ","10+ years","County Government",2026,10,1,1,-0.684629360265329,0.777303258476267,1,"earlier"
"R_1jvRN5ofBQAxAQE","Rhode Island","Single site","Rosa",10,"Treatment ending later due to changing phenology","Invasive plant research/science","6 to 10 years","Other",2026,6,1,1,-0.0273489106616695,-0.532023874289486,1,"later"
"R_5f0dgF6wdYD8aPv","Maine","Network of sites within one state/province","Rosa",20,"Treatment starting earlier due to changing phenology","Invasive plant management ","10+ years","Nongovernmental Organization",2026,10,1,1,1.28721198854565,0.777303258476267,1,"earlier"
"R_3Si9tax1RwMIZLT","Massachusetts","Multi-state network of sites","Rosa",9,"Treatment starting earlier due to changing phenology,Treatment ending later due to changing phenology","Invasive plant management ","10+ years","Industry/Private Sector",2026,10,1,1,-0.158805000582401,0.777303258476267,1,"earlier & later"
"R_62Ll7ZFWepKPSWn","Maine","Multi-state network of sites","Rosa",28,"Treatment ending later due to changing phenology","Invasive plant management ","10+ years","Industry/Private Sector",2026,10,1,1,2.3388607079115,0.777303258476267,1,"later"
"R_70UIFBzhIKuqskM","New York","Network of sites within one state/province","Rosa",20,"Treatment ending later due to changing phenology","Invasive plant management ","10+ years","State Government",2026,10,1,1,1.28721198854565,0.777303258476267,1,"later"
"R_5rHa6I5vBes9eDX","Vermont","Network of sites within one state/province","Microstegium",3,"Treatment starting earlier due to changing phenology","Invasive plant management ","2 to 5 years","Nongovernmental Organization",2026,2,1,1,-0.947541540106792,-1.84135100705524,1,"earlier"
"R_5EsAG4x9K525yff","Pennsylvania","Network of sites within one state/province","Microstegium",NA,"Treatment starting earlier due to changing phenology","Invasive plant management ","6 to 10 years","Nongovernmental Organization",2026,6,1,1,NA,-0.532023874289486,1,"earlier"
"R_6JCxiOL4bNouMvv","New York","Network of sites within one state/province","Microstegium",NA,"Treatment starting earlier due to changing phenology","Invasive plant management ","2 to 5 years","Nongovernmental Organization",2026,2,1,1,NA,-1.84135100705524,1,"earlier"
"R_3OZoTtXsYc0ZVCo","Michigan","Network of sites within one state/province","Microstegium",10,"Treatment starting earlier due to changing phenology","Invasive plant management ","10+ years","State Government",2026,10,1,1,-0.0273489106616695,0.777303258476267,1,"earlier"
"R_1nGlxwRGRwMbHVL","Massachusetts","Network of sites within one state/province","Microstegium",10,"Treatment starting earlier due to changing phenology","Invasive plant management ","10+ years","Nongovernmental Organization",2026,10,1,1,-0.0273489106616695,0.777303258476267,1,"earlier"
"R_1D5srXkx8ozWrQm","Maryland","Single site","Microstegium",2,"Treatment starting earlier due to changing phenology,Treatment ending later due to changing phenology","Invasive plant management ","6 to 10 years","Nongovernmental Organization",2026,6,1,1,-1.07899763002752,-0.532023874289486,1,"earlier & later"
"R_7iywZfD9qBljGo1","Indiana","Network of sites within one state/province","Microstegium",2,"Treatment starting earlier due to changing phenology","Invasive plant management ","6 to 10 years","Other",2026,6,1,1,-1.07899763002752,-0.532023874289486,1,"earlier"
"R_7eqSNbi6mQ46E1Z","Virginia","Multi-state network of sites","Microstegium",20,"Treatment starting earlier due to changing phenology","Invasive plant management ","10+ years","Industry/Private Sector",2026,10,1,1,1.28721198854565,0.777303258476267,1,"earlier"
"R_3VxbJkG46TDSZKp","Pennsylvania","Multi-state network of sites","Microstegium",6,"Treatment starting earlier due to changing phenology","Invasive plant management ","10+ years"," Federal Government",2026,10,1,1,-0.553173270344597,0.777303258476267,1,"earlier"
"R_1jvRN5ofBQAxAQE","Rhode Island","Single site","Microstegium",1,"Treatment ending later due to changing phenology","Invasive plant research/science","6 to 10 years","Other",2026,6,1,1,-1.21045371994826,-0.532023874289486,1,"later"
"R_3mwJdcOf68mSU8i","Ohio"," Other (please specify)","Microstegium",10,"Treatment starting earlier due to changing phenology","Invasive plant management ","10+ years","Nongovernmental Organization",2026,10,1,1,-0.0273489106616695,0.777303258476267,1,"earlier"
"R_6RfvvrSVaZFoLRH","Virginia","Network of sites within one state/province","Microstegium",12,"Treatment ending later due to changing phenology","Invasive plant management ","10+ years","Nongovernmental Organization",2026,10,1,1,0.235563269179794,0.777303258476267,1,"later"
"R_7mleLpdbPvb6bxt","Connecticut","Network of sites within one state/province","Microstegium",2,"Treatment starting earlier due to changing phenology","Invasive plant management ","2 to 5 years","Industry/Private Sector",2026,2,1,1,-1.07899763002752,-1.84135100705524,1,"earlier"
"R_7zqDdqzI3278NXi","Maryland","Network of sites within one state/province","Elaeagnus",NA,"Treatment ending later due to changing phenology","Invasive plant management ","10+ years","State Government",2026,10,1,1,NA,0.777303258476267,1,"later"
"R_5q56JqF0jN1J5xT","New Hampshire","Multi-state network of sites","Elaeagnus",20,"Treatment starting earlier due to changing phenology,Treatment ending later due to changing phenology","Invasive plant management ","10+ years","Industry/Private Sector",2026,10,1,1,1.28721198854565,0.777303258476267,1,"earlier & later"
"R_3OZoTtXsYc0ZVCo","Michigan","Network of sites within one state/province","Elaeagnus",20,"Treatment starting earlier due to changing phenology,Treatment ending later due to changing phenology","Invasive plant management ","10+ years","State Government",2026,10,1,1,1.28721198854565,0.777303258476267,1,"earlier & later"
"R_3l6nHVEdBFb0wAn","Vermont","Multi-state network of sites","Elaeagnus",15,"Treatment starting earlier due to changing phenology","Invasive plant management ","10+ years","Industry/Private Sector",2026,10,1,1,0.62993153894199,0.777303258476267,1,"earlier"
"R_6b7y38YC6VhzhAZ","New Jersey"," Other (please specify)","Elaeagnus",5,"Treatment ending later due to changing phenology","Invasive plant management ","6 to 10 years","County Government",2026,6,1,1,-0.684629360265329,-0.532023874289486,1,"later"
"R_3Qxjb9i4NVkgesX","Massachusetts","Network of sites within one state/province","Elaeagnus",10,"Treatment starting earlier due to changing phenology","Invasive plant management ","10+ years","Nongovernmental Organization",2026,10,1,1,-0.0273489106616695,0.777303258476267,1,"earlier"
"R_5Kr2fz6TZxQx0Uu","Connecticut","Single site","Elaeagnus",2,"Treatment starting earlier due to changing phenology,Treatment ending later due to changing phenology,Starting earlier or ending later for other reasons","Other (I work with invasive plants but not as a manager, researcher, or extension)","6 to 10 years","Other",2026,6,1,1,-1.07899763002752,-0.532023874289486,1,"earlier & later"
"R_3Z0oewLXyyqJj9v","Virginia","Multi-state network of sites","Elaeagnus",6,"Treatment ending later due to changing phenology","Invasive plant management ","10+ years","Nongovernmental Organization",2026,10,1,1,-0.553173270344597,0.777303258476267,1,"later"
"R_7eqSNbi6mQ46E1Z","Virginia","Multi-state network of sites","Elaeagnus",20,"Treatment starting earlier due to changing phenology","Invasive plant management ","10+ years","Industry/Private Sector",2026,10,1,1,1.28721198854565,0.777303258476267,1,"earlier"
"R_3lpMOKMac0cgCvT","Massachusetts","Network of sites within one state/province","Elaeagnus",3,"Treatment starting earlier due to changing phenology,Treatment ending later due to changing phenology,Starting earlier or ending later for other reasons","Invasive plant management ","10+ years","Industry/Private Sector",2026,10,1,1,-0.947541540106792,0.777303258476267,1,"earlier & later"
"R_1jvRN5ofBQAxAQE","Rhode Island","Single site","Elaeagnus",5,"Treatment ending later due to changing phenology","Invasive plant research/science","6 to 10 years","Other",2026,6,1,1,-0.684629360265329,-0.532023874289486,1,"later"
"R_7ZJRu0abbATItQu","North Carolina","Network of sites within one state/province","Elaeagnus",10,"Treatment starting earlier due to changing phenology,Treatment ending later due to changing phenology","Invasive plant management ","10+ years","County Government",2026,10,1,1,-0.0273489106616695,0.777303258476267,1,"earlier & later"
"R_6RfvvrSVaZFoLRH","Virginia","Network of sites within one state/province","Elaeagnus",12,"Treatment starting earlier due to changing phenology","Invasive plant management ","10+ years","Nongovernmental Organization",2026,10,1,1,0.235563269179794,0.777303258476267,1,"earlier"
"R_3Si9tax1RwMIZLT","Massachusetts","Multi-state network of sites","Elaeagnus",9,"Treatment starting earlier due to changing phenology,Treatment ending later due to changing phenology","Invasive plant management ","10+ years","Industry/Private Sector",2026,10,1,1,-0.158805000582401,0.777303258476267,1,"earlier & later"
"R_62Ll7ZFWepKPSWn","Maine","Multi-state network of sites","Elaeagnus",28,"Treatment ending later due to changing phenology","Invasive plant management ","10+ years","Industry/Private Sector",2026,10,1,1,2.3388607079115,0.777303258476267,1,"later"
"R_7zqDdqzI3278NXi","Maryland","Network of sites within one state/province","Berberis",NA,"Treatment ending later due to changing phenology","Invasive plant management ","10+ years","State Government",2026,10,1,1,NA,0.777303258476267,1,"later"
"R_5q56JqF0jN1J5xT","New Hampshire","Multi-state network of sites","Berberis",24,"Treatment starting earlier due to changing phenology,Treatment ending later due to changing phenology","Invasive plant management ","10+ years","Industry/Private Sector",2026,10,1,1,1.81303634822858,0.777303258476267,1,"earlier & later"
"R_6PgMN2Ont2gs1u9","Vermont","Network of sites within one state/province","Berberis",8,"Treatment ending later due to changing phenology","Invasive plant management ","10+ years","Industry/Private Sector",2026,10,1,1,-0.290261090503133,0.777303258476267,1,"later"
"R_3OZoTtXsYc0ZVCo","Michigan","Network of sites within one state/province","Berberis",20,"Treatment starting earlier due to changing phenology,Treatment ending later due to changing phenology","Invasive plant management ","10+ years","State Government",2026,10,1,1,1.28721198854565,0.777303258476267,1,"earlier & later"
"R_3l6nHVEdBFb0wAn","Vermont","Multi-state network of sites","Berberis",15,"Treatment starting earlier due to changing phenology","Invasive plant management ","10+ years","Industry/Private Sector",2026,10,1,1,0.62993153894199,0.777303258476267,1,"earlier"
"R_5Kr2fz6TZxQx0Uu","Connecticut","Single site","Berberis",2,"Treatment starting earlier due to changing phenology,Treatment ending later due to changing phenology,Starting earlier or ending later for other reasons","Other (I work with invasive plants but not as a manager, researcher, or extension)","6 to 10 years","Other",2026,6,1,1,-1.07899763002752,-0.532023874289486,1,"earlier & later"
"R_3Z0oewLXyyqJj9v","Virginia","Multi-state network of sites","Berberis",6,"Treatment ending later due to changing phenology","Invasive plant management ","10+ years","Nongovernmental Organization",2026,10,1,1,-0.553173270344597,0.777303258476267,1,"later"
"R_7eqSNbi6mQ46E1Z","Virginia","Multi-state network of sites","Berberis",20,"Treatment starting earlier due to changing phenology","Invasive plant management ","10+ years","Industry/Private Sector",2026,10,1,1,1.28721198854565,0.777303258476267,1,"earlier"
"R_3VxbJkG46TDSZKp","Pennsylvania","Multi-state network of sites","Berberis",19,"Treatment starting earlier due to changing phenology","Invasive plant management ","10+ years"," Federal Government",2026,10,1,1,1.15575589862492,0.777303258476267,1,"earlier"
"R_7IvjAhNgByZUh4p","Michigan","Network of sites within one state/province","Berberis",10,"Treatment starting earlier due to changing phenology,Treatment ending later due to changing phenology","Invasive plant management ","10+ years","City/Municipal Government",2026,10,1,1,-0.0273489106616695,0.777303258476267,1,"earlier & later"
"R_6lGDmKoRK5yHshi","Maine","Single site","Berberis",23,"Treatment starting earlier due to changing phenology","Invasive plant management ","10+ years"," Federal Government",2026,10,1,1,1.68158025830784,0.777303258476267,1,"earlier"
"R_1jvRN5ofBQAxAQE","Rhode Island","Single site","Berberis",5,"Treatment ending later due to changing phenology","Invasive plant research/science","6 to 10 years","Other",2026,6,1,1,-0.684629360265329,-0.532023874289486,1,"later"
"R_1IvpUjUVXHoOlPW","Vermont","Single site","Berberis",12,"Treatment ending later due to changing phenology","Invasive plant management ","10+ years","Nongovernmental Organization",2026,10,1,1,0.235563269179794,0.777303258476267,1,"later"
"R_3Si9tax1RwMIZLT","Massachusetts","Multi-state network of sites","Berberis",9,"Treatment starting earlier due to changing phenology,Treatment ending later due to changing phenology","Invasive plant management ","10+ years","Industry/Private Sector",2026,10,1,1,-0.158805000582401,0.777303258476267,1,"earlier & later"
"R_62Ll7ZFWepKPSWn","Maine","Multi-state network of sites","Berberis",28,"Treatment starting earlier due to changing phenology,Treatment ending later due to changing phenology","Invasive plant management ","10+ years","Industry/Private Sector",2026,10,1,1,2.3388607079115,0.777303258476267,1,"earlier & later"
"R_70UIFBzhIKuqskM","New York","Network of sites within one state/province","Berberis",20,"Treatment ending later due to changing phenology","Invasive plant management ","10+ years","State Government",2026,10,1,1,1.28721198854565,0.777303258476267,1,"later"
"R_7qkAjat39MtPBoG","Massachusetts","Network of sites within one state/province","Vinetoxicum",10,"Treatment starting earlier due to changing phenology","Invasive plant management ","10+ years"," Federal Government",2026,10,1,1,-0.0273489106616695,0.777303258476267,1,"earlier"
"R_3rk1Kc6ds2b1R97","New York","Network of sites within one state/province","Vinetoxicum",13,"Treatment ending later due to changing phenology","Invasive plant management ","2 to 5 years","State Government",2026,2,1,1,0.367019359100526,-1.84135100705524,1,"later"
"R_5FqDfQSEijhcVoz","Vermont","Multi-state network of sites","Vinetoxicum",10,"Treatment starting earlier due to changing phenology","Invasive plant management ","10+ years","Industry/Private Sector",2026,10,1,1,-0.0273489106616695,0.777303258476267,1,"earlier"
"R_5q56JqF0jN1J5xT","New Hampshire","Multi-state network of sites","Vinetoxicum",18,"Treatment starting earlier due to changing phenology,Treatment ending later due to changing phenology","Invasive plant management ","10+ years","Industry/Private Sector",2026,10,1,1,1.02429980870419,0.777303258476267,1,"earlier & later"
"R_3OZoTtXsYc0ZVCo","Michigan","Network of sites within one state/province","Vinetoxicum",15,"Treatment starting earlier due to changing phenology,Treatment ending later due to changing phenology","Invasive plant management ","10+ years","State Government",2026,10,1,1,0.62993153894199,0.777303258476267,1,"earlier & later"
"R_3l6nHVEdBFb0wAn","Vermont","Multi-state network of sites","Vinetoxicum",10,"Treatment starting earlier due to changing phenology","Invasive plant management ","10+ years","Industry/Private Sector",2026,10,1,1,-0.0273489106616695,0.777303258476267,1,"earlier"
"R_5GB0QBBYaO426fP","Maine","Single site","Vinetoxicum",12,"Treatment starting earlier due to changing phenology","Invasive plant management ","10+ years","City/Municipal Government",2026,10,1,1,0.235563269179794,0.777303258476267,1,"earlier"
"R_5H6Li12o7rFfCKo","Rhode Island","Network of sites within one state/province","Vinetoxicum",10,"Treatment starting earlier due to changing phenology,Treatment ending later due to changing phenology","Invasive plant management ","10+ years","Industry/Private Sector",2026,10,1,1,-0.0273489106616695,0.777303258476267,1,"earlier & later"
"R_5gHFiq6DKC8WPVl","Ontario","Network of sites within one state/province","Vinetoxicum",30,"Treatment starting earlier due to changing phenology","Invasive plant management ","10+ years","Industry/Private Sector",2026,10,1,1,2.60177288775297,0.777303258476267,1,"earlier"
"R_5Kr2fz6TZxQx0Uu","Connecticut","Single site","Vinetoxicum",2,"Treatment starting earlier due to changing phenology,Treatment ending later due to changing phenology,Starting earlier or ending later for other reasons","Other (I work with invasive plants but not as a manager, researcher, or extension)","6 to 10 years","Other",2026,6,1,1,-1.07899763002752,-0.532023874289486,1,"earlier & later"
"R_7eqSNbi6mQ46E1Z","Virginia","Multi-state network of sites","Vinetoxicum",20,"Treatment starting earlier due to changing phenology","Invasive plant management ","10+ years","Industry/Private Sector",2026,10,1,1,1.28721198854565,0.777303258476267,1,"earlier"
"R_3lpMOKMac0cgCvT","Massachusetts","Network of sites within one state/province","Vinetoxicum",3,"Treatment starting earlier due to changing phenology,Treatment ending later due to changing phenology,Starting earlier or ending later for other reasons","Invasive plant management ","10+ years","Industry/Private Sector",2026,10,1,1,-0.947541540106792,0.777303258476267,1,"earlier & later"
"R_51hjoFYUg74WFmz","Massachusetts","Network of sites within one state/province","Vinetoxicum",25,"Treatment starting earlier due to changing phenology,Treatment ending later due to changing phenology","Invasive plant management ","10+ years"," Federal Government",2026,10,1,1,1.94449243814931,0.777303258476267,1,"earlier & later"
"R_7mleLpdbPvb6bxt","Connecticut","Network of sites within one state/province","Vinetoxicum",2,"Treatment starting earlier due to changing phenology","Invasive plant management ","2 to 5 years","Industry/Private Sector",2026,2,1,1,-1.07899763002752,-1.84135100705524,1,"earlier"
"R_1g744XrqigaNK4J","Maine","Network of sites within one state/province","Rhamnus",9,"Treatment ending later due to changing phenology","Invasive plant management ","6 to 10 years","Industry/Private Sector",2026,6,1,1,-0.158805000582401,-0.532023874289486,1,"later"
"R_5FqDfQSEijhcVoz","Vermont","Multi-state network of sites","Rhamnus",15,"Treatment starting earlier due to changing phenology","Invasive plant management ","10+ years","Industry/Private Sector",2026,10,1,1,0.62993153894199,0.777303258476267,1,"earlier"
"R_5q56JqF0jN1J5xT","New Hampshire","Multi-state network of sites","Rhamnus",24,"Treatment starting earlier due to changing phenology,Treatment ending later due to changing phenology","Invasive plant management ","10+ years","Industry/Private Sector",2026,10,1,1,1.81303634822858,0.777303258476267,1,"earlier & later"
"R_3OZoTtXsYc0ZVCo","Michigan","Network of sites within one state/province","Rhamnus",20,"Treatment starting earlier due to changing phenology,Treatment ending later due to changing phenology","Invasive plant management ","10+ years","State Government",2026,10,1,1,1.28721198854565,0.777303258476267,1,"earlier & later"
"R_3l6nHVEdBFb0wAn","Vermont","Multi-state network of sites","Rhamnus",15,"Treatment starting earlier due to changing phenology","Invasive plant management ","10+ years","Industry/Private Sector",2026,10,1,1,0.62993153894199,0.777303258476267,1,"earlier"
"R_5Kr2fz6TZxQx0Uu","Connecticut","Single site","Rhamnus",2,"Treatment starting earlier due to changing phenology,Treatment ending later due to changing phenology,Starting earlier or ending later for other reasons","Other (I work with invasive plants but not as a manager, researcher, or extension)","6 to 10 years","Other",2026,6,1,1,-1.07899763002752,-0.532023874289486,1,"earlier & later"
"R_7IvjAhNgByZUh4p","Michigan","Network of sites within one state/province","Rhamnus",10,"Treatment starting earlier due to changing phenology,Treatment ending later due to changing phenology","Invasive plant management ","10+ years","City/Municipal Government",2026,10,1,1,-0.0273489106616695,0.777303258476267,1,"earlier & later"
"R_7jZpgrqPT21G0fj","Vermont","Single site","Rhamnus",15,"Treatment ending later due to changing phenology","Invasive plant management ","10+ years","State Government",2026,10,1,1,0.62993153894199,0.777303258476267,1,"later"
"R_1IvpUjUVXHoOlPW","Vermont","Single site","Rhamnus",12,"Treatment ending later due to changing phenology","Invasive plant management ","10+ years","Nongovernmental Organization",2026,10,1,1,0.235563269179794,0.777303258476267,1,"later"
"R_3Si9tax1RwMIZLT","Massachusetts","Multi-state network of sites","Rhamnus",9,"Treatment starting earlier due to changing phenology,Treatment ending later due to changing phenology","Invasive plant management ","10+ years","Industry/Private Sector",2026,10,1,1,-0.158805000582401,0.777303258476267,1,"earlier & later"
"R_62Ll7ZFWepKPSWn","Maine","Multi-state network of sites","Rhamnus",28,"Treatment ending later due to changing phenology","Invasive plant management ","10+ years","Industry/Private Sector",2026,10,1,1,2.3388607079115,0.777303258476267,1,"later"
"R_70UIFBzhIKuqskM","New York","Network of sites within one state/province","Rhamnus",3,"Treatment ending later due to changing phenology","Invasive plant management ","10+ years","State Government",2026,10,1,1,-0.947541540106792,0.777303258476267,1,"later"
"R_6b7y38YC6VhzhAZ","New Jersey"," Other (please specify)","Miscanthus",4,"Treatment ending later due to changing phenology","Invasive plant management ","6 to 10 years","County Government",2026,6,1,1,-0.81608545018606,-0.532023874289486,1,"later"
"R_7iywZfD9qBljGo1","Indiana","Network of sites within one state/province","Miscanthus",1,"Treatment starting earlier due to changing phenology","Invasive plant management ","6 to 10 years","Other",2026,6,1,1,-1.21045371994826,-0.532023874289486,1,"earlier"
"R_3Hq4RrgAKLo0gVL","Massachusetts"," Other (please specify)","Miscanthus",20,"Treatment starting earlier due to changing phenology,At the same time due to no change in phenology","Invasive plant management ","2 to 5 years","City/Municipal Government",2026,2,1,1,1.28721198854565,-1.84135100705524,1,"earlier"
"R_7eqSNbi6mQ46E1Z","Virginia","Multi-state network of sites","Miscanthus",20,"Treatment starting earlier due to changing phenology","Invasive plant management ","10+ years","Industry/Private Sector",2026,10,1,1,1.28721198854565,0.777303258476267,1,"earlier"
"R_6Q75yjxK5fIfXwZ","Maryland","Network of sites within one state/province","Miscanthus",5,"Treatment starting earlier due to changing phenology","Invasive plant management ","10+ years","County Government",2026,10,1,1,-0.684629360265329,0.777303258476267,1,"earlier"
"R_1jvRN5ofBQAxAQE","Rhode Island","Single site","Miscanthus",10,"Treatment ending later due to changing phenology","Invasive plant research/science","6 to 10 years","Other",2026,6,1,1,-0.0273489106616695,-0.532023874289486,1,"later"
"R_3mwJdcOf68mSU8i","Ohio"," Other (please specify)","Miscanthus",5,"Treatment ending later due to changing phenology","Invasive plant management ","10+ years","Nongovernmental Organization",2026,10,1,1,-0.684629360265329,0.777303258476267,1,"later"
"R_3OZoTtXsYc0ZVCo","Michigan","Network of sites within one state/province","impatiens",5,"Treatment starting earlier due to changing phenology","Invasive plant management ","10+ years","State Government",2026,10,1,1,-0.684629360265329,0.777303258476267,1,"earlier"
"R_7IvjAhNgByZUh4p","Michigan","Network of sites within one state/province","impatiens",3,"Treatment starting earlier due to changing phenology,Treatment ending later due to changing phenology","Invasive plant management ","10+ years","City/Municipal Government",2026,10,1,1,-0.947541540106792,0.777303258476267,1,"earlier & later"
"R_5FqDfQSEijhcVoz","Vermont","Multi-state network of sites","Lonicera japonica",15,"Treatment starting earlier due to changing phenology","Invasive plant management ","10+ years","Industry/Private Sector",2026,10,1,1,0.62993153894199,0.777303258476267,1,"earlier"
"R_5q56JqF0jN1J5xT","New Hampshire","Multi-state network of sites","Lonicera japonica",24,"Treatment starting earlier due to changing phenology,Treatment ending later due to changing phenology","Invasive plant management ","10+ years","Industry/Private Sector",2026,10,1,1,1.81303634822858,0.777303258476267,1,"earlier & later"
"R_3OZoTtXsYc0ZVCo","Michigan","Network of sites within one state/province","Lonicera japonica",20,"Treatment starting earlier due to changing phenology,Treatment ending later due to changing phenology","Invasive plant management ","10+ years","State Government",2026,10,1,1,1.28721198854565,0.777303258476267,1,"earlier & later"
"R_3l6nHVEdBFb0wAn","Vermont","Multi-state network of sites","Lonicera japonica",15,"Treatment starting earlier due to changing phenology","Invasive plant management ","10+ years","Industry/Private Sector",2026,10,1,1,0.62993153894199,0.777303258476267,1,"earlier"
"R_1D5srXkx8ozWrQm","Maryland","Single site","Lonicera japonica",4,"Treatment ending later due to changing phenology","Invasive plant management ","6 to 10 years","Nongovernmental Organization",2026,6,1,1,-0.81608545018606,-0.532023874289486,1,"later"
"R_5Kr2fz6TZxQx0Uu","Connecticut","Single site","Lonicera japonica",2,"Treatment starting earlier due to changing phenology,Treatment ending later due to changing phenology,Starting earlier or ending later for other reasons","Other (I work with invasive plants but not as a manager, researcher, or extension)","6 to 10 years","Other",2026,6,1,1,-1.07899763002752,-0.532023874289486,1,"earlier & later"
"R_3Z0oewLXyyqJj9v","Virginia","Multi-state network of sites","Lonicera japonica",6,"Treatment ending later due to changing phenology","Invasive plant management ","10+ years","Nongovernmental Organization",2026,10,1,1,-0.553173270344597,0.777303258476267,1,"later"
"R_7iywZfD9qBljGo1","Indiana","Network of sites within one state/province","Lonicera japonica",4,"Treatment ending later due to changing phenology","Invasive plant management ","6 to 10 years","Other",2026,6,1,1,-0.81608545018606,-0.532023874289486,1,"later"
"R_7eqSNbi6mQ46E1Z","Virginia","Multi-state network of sites","Lonicera japonica",20,"Treatment starting earlier due to changing phenology","Invasive plant management ","10+ years","Industry/Private Sector",2026,10,1,1,1.28721198854565,0.777303258476267,1,"earlier"
"R_3VxbJkG46TDSZKp","Pennsylvania","Multi-state network of sites","Lonicera japonica",9,"Treatment starting earlier due to changing phenology,Treatment ending later due to changing phenology","Invasive plant management ","10+ years"," Federal Government",2026,10,1,1,-0.158805000582401,0.777303258476267,1,"earlier & later"
"R_7IvjAhNgByZUh4p","Michigan","Network of sites within one state/province","Lonicera japonica",10,"Treatment starting earlier due to changing phenology,Treatment ending later due to changing phenology","Invasive plant management ","10+ years","City/Municipal Government",2026,10,1,1,-0.0273489106616695,0.777303258476267,1,"earlier & later"
"R_74FeknDhSsDq3Tj","Virginia","Multi-state network of sites","Lonicera japonica",10,"Treatment ending later due to changing phenology","Invasive plant management ","6 to 10 years","Industry/Private Sector",2026,6,1,1,-0.0273489106616695,-0.532023874289486,1,"later"
"R_1jvRN5ofBQAxAQE","Rhode Island","Single site","Lonicera japonica",10,"Treatment ending later due to changing phenology","Invasive plant research/science","6 to 10 years","Other",2026,6,1,1,-0.0273489106616695,-0.532023874289486,1,"later"
"R_1IvpUjUVXHoOlPW","Vermont","Single site","Lonicera japonica",18,"Treatment ending later due to changing phenology","Invasive plant management ","10+ years","Nongovernmental Organization",2026,10,1,1,1.02429980870419,0.777303258476267,1,"later"
"R_51hjoFYUg74WFmz","Massachusetts","Network of sites within one state/province","Lonicera japonica",15,"Treatment starting earlier due to changing phenology,Treatment ending later due to changing phenology","Invasive plant management ","10+ years"," Federal Government",2026,10,1,1,0.62993153894199,0.777303258476267,1,"earlier & later"
"R_3Si9tax1RwMIZLT","Massachusetts","Multi-state network of sites","Lonicera japonica",8,"Treatment starting earlier due to changing phenology,Treatment ending later due to changing phenology","Invasive plant management ","10+ years","Industry/Private Sector",2026,10,1,1,-0.290261090503133,0.777303258476267,1,"earlier & later"
"R_62Ll7ZFWepKPSWn","Maine","Multi-state network of sites","Lonicera japonica",28,"Treatment starting earlier due to changing phenology,Treatment ending later due to changing phenology","Invasive plant management ","10+ years","Industry/Private Sector",2026,10,1,1,2.3388607079115,0.777303258476267,1,"earlier & later"
"R_70UIFBzhIKuqskM","New York","Network of sites within one state/province","Lonicera japonica",20,"Treatment ending later due to changing phenology","Invasive plant management ","10+ years","State Government",2026,10,1,1,1.28721198854565,0.777303258476267,1,"later"
"R_6JCxiOL4bNouMvv","New York","Network of sites within one state/province","Artemisia",NA,"Treatment starting earlier due to changing phenology","Invasive plant management ","2 to 5 years","Nongovernmental Organization",2026,2,1,1,NA,-1.84135100705524,1,"earlier"
"R_5GB0QBBYaO426fP","Maine","Single site","Artemisia",5,"Treatment starting earlier due to changing phenology","Invasive plant management ","10+ years","City/Municipal Government",2026,10,1,1,-0.684629360265329,0.777303258476267,1,"earlier"
"R_6b7y38YC6VhzhAZ","New Jersey"," Other (please specify)","Artemisia",5,"Treatment ending later due to changing phenology","Invasive plant management ","6 to 10 years","County Government",2026,6,1,1,-0.684629360265329,-0.532023874289486,1,"later"
"R_1D5srXkx8ozWrQm","Maryland","Single site","Artemisia",4,"Treatment starting earlier due to changing phenology,Treatment ending later due to changing phenology","Invasive plant management ","6 to 10 years","Nongovernmental Organization",2026,6,1,1,-0.81608545018606,-0.532023874289486,1,"earlier & later"
"R_5H6Li12o7rFfCKo","Rhode Island","Network of sites within one state/province","Artemisia",10,"Treatment starting earlier due to changing phenology,Treatment ending later due to changing phenology","Invasive plant management ","10+ years","Industry/Private Sector",2026,10,1,1,-0.0273489106616695,0.777303258476267,1,"earlier & later"
"R_5Kr2fz6TZxQx0Uu","Connecticut","Single site","Artemisia",2,"Treatment starting earlier due to changing phenology,Treatment ending later due to changing phenology,Starting earlier or ending later for other reasons","Other (I work with invasive plants but not as a manager, researcher, or extension)","6 to 10 years","Other",2026,6,1,1,-1.07899763002752,-0.532023874289486,1,"earlier & later"
"R_7iywZfD9qBljGo1","Indiana","Network of sites within one state/province","Artemisia",3,"Treatment starting earlier due to changing phenology","Invasive plant management ","6 to 10 years","Other",2026,6,1,1,-0.947541540106792,-0.532023874289486,1,"earlier"
"R_7eqSNbi6mQ46E1Z","Virginia","Multi-state network of sites","Artemisia",20,"Treatment starting earlier due to changing phenology","Invasive plant management ","10+ years","Industry/Private Sector",2026,10,1,1,1.28721198854565,0.777303258476267,1,"earlier"
"R_3VxbJkG46TDSZKp","Pennsylvania","Multi-state network of sites","Artemisia",6,"Treatment starting earlier due to changing phenology,Treatment ending later due to changing phenology","Invasive plant management ","10+ years"," Federal Government",2026,10,1,1,-0.553173270344597,0.777303258476267,1,"earlier & later"
"R_74FeknDhSsDq3Tj","Virginia","Multi-state network of sites","Artemisia",10,"Treatment ending later due to changing phenology","Invasive plant management ","6 to 10 years","Industry/Private Sector",2026,6,1,1,-0.0273489106616695,-0.532023874289486,1,"later"
"R_1jvRN5ofBQAxAQE","Rhode Island","Single site","Artemisia",4,"Treatment ending later due to changing phenology","Invasive plant research/science","6 to 10 years","Other",2026,6,1,1,-0.81608545018606,-0.532023874289486,1,"later"
"R_3Si9tax1RwMIZLT","Massachusetts","Multi-state network of sites","Artemisia",9,"Treatment starting earlier due to changing phenology,Treatment ending later due to changing phenology","Invasive plant management ","10+ years","Industry/Private Sector",2026,10,1,1,-0.158805000582401,0.777303258476267,1,"earlier & later"
"R_5q56JqF0jN1J5xT","New Hampshire","Multi-state network of sites","Acer",20,"Treatment starting earlier due to changing phenology,Treatment ending later due to changing phenology","Invasive plant management ","10+ years","Industry/Private Sector",2026,10,1,1,1.28721198854565,0.777303258476267,1,"earlier & later"
"R_3OZoTtXsYc0ZVCo","Michigan","Network of sites within one state/province","Acer",20,"Treatment starting earlier due to changing phenology,Treatment ending later due to changing phenology","Invasive plant management ","10+ years","State Government",2026,10,1,1,1.28721198854565,0.777303258476267,1,"earlier & later"
"R_5Kr2fz6TZxQx0Uu","Connecticut","Single site","Acer",2,"Treatment starting earlier due to changing phenology,Treatment ending later due to changing phenology,Starting earlier or ending later for other reasons","Other (I work with invasive plants but not as a manager, researcher, or extension)","6 to 10 years","Other",2026,6,1,1,-1.07899763002752,-0.532023874289486,1,"earlier & later"
"R_7eqSNbi6mQ46E1Z","Virginia","Multi-state network of sites","Acer",20,"Treatment starting earlier due to changing phenology","Invasive plant management ","10+ years","Industry/Private Sector",2026,10,1,1,1.28721198854565,0.777303258476267,1,"earlier"
"R_3VxbJkG46TDSZKp","Pennsylvania","Multi-state network of sites","Acer",9,"Treatment starting earlier due to changing phenology,Treatment ending later due to changing phenology","Invasive plant management ","10+ years"," Federal Government",2026,10,1,1,-0.158805000582401,0.777303258476267,1,"earlier & later"
"R_3Si9tax1RwMIZLT","Massachusetts","Multi-state network of sites","Acer",9,"Treatment starting earlier due to changing phenology,Treatment ending later due to changing phenology","Invasive plant management ","10+ years","Industry/Private Sector",2026,10,1,1,-0.158805000582401,0.777303258476267,1,"earlier & later"
"R_62Ll7ZFWepKPSWn","Maine","Multi-state network of sites","Acer",20,"Treatment ending later due to changing phenology","Invasive plant management ","10+ years","Industry/Private Sector",2026,10,1,1,1.28721198854565,0.777303258476267,1,"later"
"R_7qkAjat39MtPBoG","Massachusetts","Network of sites within one state/province","Phragmites",25,"Treatment ending later due to changing phenology","Invasive plant management ","10+ years"," Federal Government",2026,10,1,1,1.94449243814931,0.777303258476267,1,"later"
"R_5FqDfQSEijhcVoz","Vermont","Multi-state network of sites","Phragmites",10,"Treatment ending later due to changing phenology","Invasive plant management ","10+ years","Industry/Private Sector",2026,10,1,1,-0.0273489106616695,0.777303258476267,1,"later"
"R_5V0AX8smWwEqt7X","Quebec","Network of sites within one state/province","Phragmites",5,"Treatment starting earlier due to changing phenology","Invasive plant management ","6 to 10 years","Tribal/First Nation",2026,6,1,1,-0.684629360265329,-0.532023874289486,1,"earlier"
"R_5q56JqF0jN1J5xT","New Hampshire","Multi-state network of sites","Phragmites",10,"Treatment starting earlier due to changing phenology,Treatment ending later due to changing phenology","Invasive plant management ","10+ years","Industry/Private Sector",2026,10,1,1,-0.0273489106616695,0.777303258476267,1,"earlier & later"
"R_3OZoTtXsYc0ZVCo","Michigan","Network of sites within one state/province","Phragmites",20,"Treatment starting earlier due to changing phenology,Treatment ending later due to changing phenology","Invasive plant management ","10+ years","State Government",2026,10,1,1,1.28721198854565,0.777303258476267,1,"earlier & later"
"R_7EvlQO9OfQ8OoER","Michigan","Network of sites within one state/province","Phragmites",20,"Treatment starting earlier due to changing phenology","Invasive plant management ","10+ years","Nongovernmental Organization",2026,10,1,1,1.28721198854565,0.777303258476267,1,"earlier"
"R_5Kr2fz6TZxQx0Uu","Connecticut","Single site","Phragmites",2,"Treatment starting earlier due to changing phenology,Treatment ending later due to changing phenology,Starting earlier or ending later for other reasons","Other (I work with invasive plants but not as a manager, researcher, or extension)","6 to 10 years","Other",2026,6,1,1,-1.07899763002752,-0.532023874289486,1,"earlier & later"
"R_7iywZfD9qBljGo1","Indiana","Network of sites within one state/province","Phragmites",3,"Treatment starting earlier due to changing phenology","Invasive plant management ","6 to 10 years","Other",2026,6,1,1,-0.947541540106792,-0.532023874289486,1,"earlier"
"R_7eqSNbi6mQ46E1Z","Virginia","Multi-state network of sites","Phragmites",20,"Treatment starting earlier due to changing phenology","Invasive plant management ","10+ years","Industry/Private Sector",2026,10,1,1,1.28721198854565,0.777303258476267,1,"earlier"
"R_3VxbJkG46TDSZKp","Pennsylvania","Multi-state network of sites","Phragmites",20,"Treatment starting earlier due to changing phenology,Treatment ending later due to changing phenology","Invasive plant management ","10+ years"," Federal Government",2026,10,1,1,1.28721198854565,0.777303258476267,1,"earlier & later"
"R_5pzvxrP2azfmvYJ","Michigan","Network of sites within one state/province","Phragmites",12,"Treatment starting earlier due to changing phenology,Treatment ending later due to changing phenology","Invasive plant management ","10+ years","Other",2026,10,1,1,0.235563269179794,0.777303258476267,1,"earlier & later"
"R_7IvjAhNgByZUh4p","Michigan","Network of sites within one state/province","Phragmites",10,"Treatment starting earlier due to changing phenology,Treatment ending later due to changing phenology","Invasive plant management ","10+ years","City/Municipal Government",2026,10,1,1,-0.0273489106616695,0.777303258476267,1,"earlier & later"
"R_1jvRN5ofBQAxAQE","Rhode Island","Single site","Phragmites",8,"Treatment ending later due to changing phenology","Invasive plant research/science","6 to 10 years","Other",2026,6,1,1,-0.290261090503133,-0.532023874289486,1,"later"
"R_51hjoFYUg74WFmz","Massachusetts","Network of sites within one state/province","Phragmites",25,"Treatment starting earlier due to changing phenology,Treatment ending later due to changing phenology","Invasive plant management ","10+ years"," Federal Government",2026,10,1,1,1.94449243814931,0.777303258476267,1,"earlier & later"
"R_1EGs8JgbiTLIdrk","Michigan","Multi-state network of sites","Phragmites",12,"Treatment ending later due to changing phenology","Invasive plant management ","10+ years","Nongovernmental Organization",2026,10,1,1,0.235563269179794,0.777303258476267,1,"later"
"R_3OZoTtXsYc0ZVCo","Michigan","Network of sites within one state/province","Ligustrum",20,"Treatment starting earlier due to changing phenology,Treatment ending later due to changing phenology","Invasive plant management ","10+ years","State Government",2026,10,1,1,1.28721198854565,0.777303258476267,1,"earlier & later"
"R_3Qxjb9i4NVkgesX","Massachusetts","Network of sites within one state/province","Ligustrum",10,"Treatment starting earlier due to changing phenology","Invasive plant management ","10+ years","Nongovernmental Organization",2026,10,1,1,-0.0273489106616695,0.777303258476267,1,"earlier"
"R_5Kr2fz6TZxQx0Uu","Connecticut","Single site","Ligustrum",2,"Treatment starting earlier due to changing phenology,Treatment ending later due to changing phenology,Starting earlier or ending later for other reasons","Other (I work with invasive plants but not as a manager, researcher, or extension)","6 to 10 years","Other",2026,6,1,1,-1.07899763002752,-0.532023874289486,1,"earlier & later"
"R_3Z0oewLXyyqJj9v","Virginia","Multi-state network of sites","Ligustrum",6,"Treatment ending later due to changing phenology","Invasive plant management ","10+ years","Nongovernmental Organization",2026,10,1,1,-0.553173270344597,0.777303258476267,1,"later"
"R_7eqSNbi6mQ46E1Z","Virginia","Multi-state network of sites","Ligustrum",20,"Treatment starting earlier due to changing phenology","Invasive plant management ","10+ years","Industry/Private Sector",2026,10,1,1,1.28721198854565,0.777303258476267,1,"earlier"
"R_3VxbJkG46TDSZKp","Pennsylvania","Multi-state network of sites","Ligustrum",9,"Treatment starting earlier due to changing phenology,Treatment ending later due to changing phenology","Invasive plant management ","10+ years"," Federal Government",2026,10,1,1,-0.158805000582401,0.777303258476267,1,"earlier & later"
"R_6Q75yjxK5fIfXwZ","Maryland","Network of sites within one state/province","Ligustrum",5,"Treatment starting earlier due to changing phenology","Invasive plant management ","10+ years","County Government",2026,10,1,1,-0.684629360265329,0.777303258476267,1,"earlier"
"R_1jvRN5ofBQAxAQE","Rhode Island","Single site","Ligustrum",10,"Treatment ending later due to changing phenology","Invasive plant research/science","6 to 10 years","Other",2026,6,1,1,-0.0273489106616695,-0.532023874289486,1,"later"
"R_3Si9tax1RwMIZLT","Massachusetts","Multi-state network of sites","Ligustrum",9,"Treatment starting earlier due to changing phenology,Treatment ending later due to changing phenology","Invasive plant management ","10+ years","Industry/Private Sector",2026,10,1,1,-0.158805000582401,0.777303258476267,1,"earlier & later"
"R_7eqSNbi6mQ46E1Z","Virginia","Multi-state network of sites","Cytisus",20,"Treatment starting earlier due to changing phenology","Invasive plant management ","10+ years","Industry/Private Sector",2026,10,1,1,1.28721198854565,0.777303258476267,1,"earlier"
"R_5hAPDFkgmRMkZzy","New York","Network of sites within one state/province","Centaurea",5,"Treatment starting earlier due to changing phenology,Treatment ending later due to changing phenology","Invasive plant management ","10+ years","Nongovernmental Organization",2026,10,1,1,-0.684629360265329,0.777303258476267,1,"earlier & later"
"R_5FqDfQSEijhcVoz","Vermont","Multi-state network of sites","Centaurea",5,"Treatment starting earlier due to changing phenology","Invasive plant management ","10+ years","Industry/Private Sector",2026,10,1,1,-0.684629360265329,0.777303258476267,1,"earlier"
"R_3OZoTtXsYc0ZVCo","Michigan","Network of sites within one state/province","Centaurea",20,"Treatment ending later due to changing phenology","Invasive plant management ","10+ years","State Government",2026,10,1,1,1.28721198854565,0.777303258476267,1,"later"
"R_3Hq4RrgAKLo0gVL","Massachusetts"," Other (please specify)","Centaurea",20,"Treatment ending later due to changing phenology","Invasive plant management ","2 to 5 years","City/Municipal Government",2026,2,1,1,1.28721198854565,-1.84135100705524,1,"later"
"R_7eqSNbi6mQ46E1Z","Virginia","Multi-state network of sites","Centaurea",20,"Treatment starting earlier due to changing phenology","Invasive plant management ","10+ years","Industry/Private Sector",2026,10,1,1,1.28721198854565,0.777303258476267,1,"earlier"
"R_7IvjAhNgByZUh4p","Michigan","Network of sites within one state/province","Centaurea",10,"Treatment starting earlier due to changing phenology,Treatment ending later due to changing phenology","Invasive plant management ","10+ years","City/Municipal Government",2026,10,1,1,-0.0273489106616695,0.777303258476267,1,"earlier & later"
"R_51hjoFYUg74WFmz","Massachusetts","Network of sites within one state/province","Centaurea",25,"Treatment starting earlier due to changing phenology,Treatment ending later due to changing phenology","Invasive plant management ","10+ years"," Federal Government",2026,10,1,1,1.94449243814931,0.777303258476267,1,"earlier & later"
"R_7zqDdqzI3278NXi","Maryland","Network of sites within one state/province","Ailanthis",NA,"Treatment ending later due to changing phenology","Invasive plant management ","10+ years","State Government",2026,10,1,1,NA,0.777303258476267,1,"later"
"R_5hAPDFkgmRMkZzy","New York","Network of sites within one state/province","Ailanthis",3,"Treatment ending later due to changing phenology","Invasive plant management ","10+ years","Nongovernmental Organization",2026,10,1,1,-0.947541540106792,0.777303258476267,1,"later"
"R_5q56JqF0jN1J5xT","New Hampshire","Multi-state network of sites","Ailanthis",20,"Treatment starting earlier due to changing phenology,Treatment ending later due to changing phenology","Invasive plant management ","10+ years","Industry/Private Sector",2026,10,1,1,1.28721198854565,0.777303258476267,1,"earlier & later"
"R_3OZoTtXsYc0ZVCo","Michigan","Network of sites within one state/province","Ailanthis",20,"Treatment starting earlier due to changing phenology","Invasive plant management ","10+ years","State Government",2026,10,1,1,1.28721198854565,0.777303258476267,1,"earlier"
"R_5IQt3joF5gjoi45","Kentucky","Network of sites within one state/province","Ailanthis",2,"Treatment ending later due to changing phenology","Invasive plant management ","Less than 2 years","State Government",2026,0.1,1,1,-1.07899763002752,-2.46328139511897,1,"later"
"R_5H6Li12o7rFfCKo","Rhode Island","Network of sites within one state/province","Ailanthis",1,"Treatment starting earlier due to changing phenology,Treatment ending later due to changing phenology","Invasive plant management ","10+ years","Industry/Private Sector",2026,10,1,1,-1.21045371994826,0.777303258476267,1,"earlier & later"
"R_5Kr2fz6TZxQx0Uu","Connecticut","Single site","Ailanthis",NA,"Treatment starting earlier due to changing phenology,Treatment ending later due to changing phenology,Starting earlier or ending later for other reasons","Other (I work with invasive plants but not as a manager, researcher, or extension)","6 to 10 years","Other",2026,6,1,1,NA,-0.532023874289486,1,"earlier & later"
"R_3Z0oewLXyyqJj9v","Virginia","Multi-state network of sites","Ailanthis",6,"Treatment ending later due to changing phenology","Invasive plant management ","10+ years","Nongovernmental Organization",2026,10,1,1,-0.553173270344597,0.777303258476267,1,"later"
"R_7eqSNbi6mQ46E1Z","Virginia","Multi-state network of sites","Ailanthis",20,"Treatment starting earlier due to changing phenology","Invasive plant management ","10+ years","Industry/Private Sector",2026,10,1,1,1.28721198854565,0.777303258476267,1,"earlier"
"R_7IvjAhNgByZUh4p","Michigan","Network of sites within one state/province","Ailanthis",2,"Treatment starting earlier due to changing phenology,Treatment ending later due to changing phenology","Invasive plant management ","10+ years","City/Municipal Government",2026,10,1,1,-1.07899763002752,0.777303258476267,1,"earlier & later"
"R_6RfvvrSVaZFoLRH","Virginia","Network of sites within one state/province","Ailanthis",12,"Treatment starting earlier due to changing phenology","Invasive plant management ","10+ years","Nongovernmental Organization",2026,10,1,1,0.235563269179794,0.777303258476267,1,"earlier"
"R_3Si9tax1RwMIZLT","Massachusetts","Multi-state network of sites","Ailanthis",9,"Treatment starting earlier due to changing phenology,Treatment ending later due to changing phenology","Invasive plant management ","10+ years","Industry/Private Sector",2026,10,1,1,-0.158805000582401,0.777303258476267,1,"earlier & later"
"R_5FqDfQSEijhcVoz","Vermont","Multi-state network of sites","Pastinaca",15,"Treatment starting earlier due to changing phenology","Invasive plant management ","10+ years","Industry/Private Sector",2026,10,1,1,0.62993153894199,0.777303258476267,1,"earlier"
"R_5V0AX8smWwEqt7X","Quebec","Network of sites within one state/province","Pastinaca",5,"Treatment starting earlier due to changing phenology","Invasive plant management ","6 to 10 years","Tribal/First Nation",2026,6,1,1,-0.684629360265329,-0.532023874289486,1,"earlier"
"R_3OZoTtXsYc0ZVCo","Michigan","Network of sites within one state/province","Pastinaca",15,"Treatment starting earlier due to changing phenology,Treatment ending later due to changing phenology","Invasive plant management ","10+ years","State Government",2026,10,1,1,0.62993153894199,0.777303258476267,1,"earlier & later"
"R_5pzvxrP2azfmvYJ","Michigan","Network of sites within one state/province","Pastinaca",14,"Treatment starting earlier due to changing phenology,Treatment ending later due to changing phenology","Invasive plant management ","10+ years","Other",2026,10,1,1,0.498475449021258,0.777303258476267,1,"earlier & later"
"R_7IvjAhNgByZUh4p","Michigan","Network of sites within one state/province","Pastinaca",10,"Treatment starting earlier due to changing phenology,Treatment ending later due to changing phenology","Invasive plant management ","10+ years","City/Municipal Government",2026,10,1,1,-0.0273489106616695,0.777303258476267,1,"earlier & later"
"R_1EGs8JgbiTLIdrk","Michigan","Multi-state network of sites","Pastinaca",10,"Treatment starting earlier due to changing phenology","Invasive plant management ","10+ years","Nongovernmental Organization",2026,10,1,1,-0.0273489106616695,0.777303258476267,1,"earlier"
